Título;Autor;Año;MTLD;Palabras;TTR
El extranjero;Alarcón, Pedro Antonio de;1854;105,189019; 3232;0,3771658
El sombrero de tres picos;Alarcón, Pedro Antonio de;1874; 97,773058;25042;0,2140005
¡Adiós, Cordera!;Alas, Leopoldo (Clarín);1893; 96,334558; 3482;0,3684664
Benedictino;Alas, Leopoldo (Clarín);1901;114,589695; 4053;0,3626943
Dos sabios;Alas, Leopoldo (Clarín);1901; 92,436660; 2988;0,3805221
El dúo de la tos;Alas, Leopoldo (Clarín);1896; 95,017283; 2298;0,3925152
El entierro de la sardina;Alas, Leopoldo (Clarín);NA;108,545720; 3482;0,3900057
El gallo de Sócrates;Alas, Leopoldo (Clarín);1901; 93,669587; 1592;0,4384422
En el tren;Alas, Leopoldo (Clarín);1901; 93,249048;  930;0,4924731
En la droguería;Alas, Leopoldo (Clarín);1901; 99,615530; 1909;0,4248298
La conversión de Chiripa;Alas, Leopoldo (Clarín);1896;101,201816; 2962;0,3862255
La yernocracia;Alas, Leopoldo (Clarín);1704; 83,983268; 1736;0,4210829
Tirso de Molina;Alas, Leopoldo (Clarín);NA; 25,000000;   25;1,0000000
Un voto;Alas, Leopoldo (Clarín);1901; 95,996541; 2856;0,3946078
El fantasma de Treviño;Aldecoa, Ignacio;1950;100,542889; 1115;0,5076233
El loro antillano;Aldecoa, Ignacio;1950;102,065505; 1794;0,4537347
Epitafio de un boxeador;Aldecoa, Ignacio;NA; 17,500000;   25;0,8800000
Hasta que lleguen las doce;Aldecoa, Ignacio;NA; 18,000000;   18;1,0000000
La despedida;Aldecoa, Ignacio;NA; 89,747796; 1680;0,4285714
Seguir de pobres;Aldecoa, Ignacio;1953;106,974432; 2656;0,4021084
Un cuento de reyes;Aldecoa, Ignacio;NA;  5,000000;    5;1,0000000
Un hombrecillo que nació para actor;Aldecoa, Ignacio;NA;  9,582888;   16;0,8125000
De cómo repartió el diablo los males por el mundo;Alegría, Ciro;NA; 62,695649;  582;0,4329897
El barco fantasma;Alegría, Ciro;NA;105,795739;  607;0,5502471
El puma de sombra;Alegría, Ciro;NA; 72,464703;  515;0,4407767
La sirena del bosque;Alegría, Ciro;NA; 89,500000;  358;0,5726257
Muerte del cabo Cheo López;Alegría, Ciro;1963;103,985510;  747;0,4765730
Navidad en los Andes;Alegría, Ciro;1968;153,526213; 1833;0,4980906
Panki y el guerrero;Alegría, Ciro;1968;128,891248;  882;0,5215420
1833-1883;Alonso, Manuel A.;1883; 97,462994; 1968;0,4354675
Agapito Avellaneda;Alonso, Manuel A.;1849;110,094844; 1575;0,4361905
El jíbaro en la capital;Alonso, Manuel A.;1849;102,525815; 1754;0,4310148
El pájaro malo;Alonso, Manuel A.;1849;106,623267; 2296;0,3915505
El sueño de mi compadre;Alonso, Manuel A.;NA;106,943938; 1907;0,4263241
La gallera;Alonso, Manuel A.;1849;101,231490; 2204;0,4051724
La linterna mágica;Alonso, Manuel A.;1849;100,463574; 1241;0,4689766
La negrita y la vaquita;Alonso, Manuel A.;NA;107,800000; 1617;0,4495980
Perico Paciencia;Alonso, Manuel A.;1849;106,024491; 2393;0,3819473
Alas;Anderson Imbert, Enrique;NA; 40,513699;   65;0,8307692
Aquiles y la tortuga;Anderson Imbert, Enrique;1965; 65,664759;  215;0,6232558
Arte y vida;Anderson Imbert, Enrique;1785; 66,571982;  239;0,6276151
Cuerno y marfil;Anderson Imbert, Enrique;NA; 45,333333;  136;0,6397059
El beso;Anderson Imbert, Enrique;NA; 52,431922;  127;0,6692913
El diluvio;Anderson Imbert, Enrique;NA; 63,871560;  118;0,7627119
El fantasma;Anderson Imbert, Enrique;NA;103,011811; 1244;0,4485531
El ganador;Anderson Imbert, Enrique;NA; 74,523759;  142;0,7464789
El leve Pedro;Anderson Imbert, Enrique;NA;115,000000;  920;0,5195652
El suicida;Anderson Imbert, Enrique;NA; 65,649237;  250;0,6120000
Espiral;Anderson Imbert, Enrique;NA; 57,000724;  195;0,6153846
Jasón;Anderson Imbert, Enrique;1969; 45,156250;   86;0,7558140
La cueva de Montesinos;Anderson Imbert, Enrique;1965; 61,000000;  123;0,7154472
La fama;Anderson Imbert, Enrique;2009; 73,375365;  134;0,7686567
La foto;Anderson Imbert, Enrique;NA; 53,377256;  201;0,6019900
La montaña;Anderson Imbert, Enrique;NA; 46,333333;  139;0,6258993
La muerte;Anderson Imbert, Enrique;NA; 47,022813;  186;0,6021505
La pierna dormida;Anderson Imbert, Enrique;NA; 41,447368;   75;0,7733333
Las estatuas;Anderson Imbert, Enrique;NA; 47,729767;  129;0,6821705
Las manos;Anderson Imbert, Enrique;NA; 82,531785;  321;0,5825545
Las últimas miradas;Anderson Imbert, Enrique;NA; 94,093325;  300;0,6466667
Licantropía;Anderson Imbert, Enrique;NA;118,422367; 1646;0,4860267
Sadismo y masoquismo;Anderson Imbert, Enrique;NA; 28,000000;   50;0,7800000
Sententia Nominum;Anderson Imbert, Enrique;1116; 39,575567;   67;0,8059701
Tabú;Anderson Imbert, Enrique;NA; 24,911765;   33;0,9090909
Teologías y demonologías;Anderson Imbert, Enrique;NA; 28,251437;   53;0,7547170
Una plaza en el cielo;Anderson Imbert, Enrique;NA; 48,121705;  154;0,6103896
Vudú;Anderson Imbert, Enrique;NA; 75,068919;  333;0,5435435
El caballero Charles;Arenal, Humberto;1964;107,748580; 3502;0,2998287
La vuelta en redondo;Arenal, Humberto;1962; 75,639881; 1956;0,3389571
El hechizado;Arévalo Martínez, Rafael;NA; 29,802817;   46;0,8478261
La signatura de la esfinge;Arévalo Martínez, Rafael;1933;105,201662; 6384;0,3225251
El barranco;Arguedas, José María;NA; 92,151941; 1048;0,4322519
El joven que subió al cielo;Arguedas, José María;NA; 92,151941; 1048;0,4322519
Accidentado paseo a Moka;Arlt, Roberto;NA;106,813602; 3459;0,3749639
Acuérdate de Azerbaijan;Arlt, Roberto;1930;116,420628; 2166;0,4349030
Ejercicio de artillería;Arlt, Roberto;NA;100,440690; 2510;0,4075697
El cazador de orquídeas;Arlt, Roberto;NA;120,884915; 2937;0,4245829
El gato cocido;Arlt, Roberto;NA; 97,130774; 1222;0,4672668
El hombre del turbante verde;Arlt, Roberto;NA; 92,068464; 2329;0,4083298
El jorobadito;Arlt, Roberto;NA;117,422605; 5975;0,3487866
Extraordinaria historia de dos tuertos;Arlt, Roberto;1914;104,575334; 2055;0,4087591
Halid Majid el achicharrado;Arlt, Roberto;NA;103,667706; 3201;0,3936270
Historia del señor Jefries y Nassin el Egipcio;Arlt, Roberto;NA; 99,354808; 2141;0,4086875
La aventura de Baba en Dimisch esh Sham;Arlt, Roberto;NA; 95,498663; 3340;0,3757485
La cadena del ancla;Arlt, Roberto;1935;102,716360; 3017;0,3715612
La doble trampa mortal;Arlt, Roberto;NA;114,903080; 2699;0,4105224
La factoría de Farjalla Bill Alí;Arlt, Roberto;NA;116,256547; 2304;0,4240451
La luna roja;Arlt, Roberto;NA;121,984713; 2386;0,4668902
La ola de perfume verde;Arlt, Roberto;NA; 91,328563; 2221;0,4407924
La pista de los dientes de oro;Arlt, Roberto;1539; 91,465433; 2851;0,3598737
Las fieras;Arlt, Roberto;NA;106,546313; 4724;0,3799746
Los bandidos de Uad Djuari;Arlt, Roberto;NA;122,659817; 2087;0,4499281
Los cazadores de marfil;Arlt, Roberto;NA; 93,682236; 2908;0,3679505
Los hombres fieras;Arlt, Roberto;NA;122,164292; 2144;0,4183769
Odio desde la otra vida;Arlt, Roberto;NA;104,947690; 2687;0,3770004
Rahutia la bailarina;Arlt, Roberto;NA;103,492625; 3095;0,3647819
Ven, mi ama Zobeida quiere hablarte;Arlt, Roberto;NA;126,329618; 1823;0,4585848
Estío;Arredondo, Inés;1965;142,793704; 3277;0,3768691
La señal;Arredondo, Inés;1965;102,561864; 1072;0,4608209
La sunamita;Arredondo, Inés;NA; 20,718861;   42;0,7380952
Ágrafa musulmana en papiro de oxyrrinco;Arreola, Juan José;NA; 16,969697;   20;0,9500000
Alejandrina;Arreola, Juan José;NA;124,179777; 1727;0,4678633
Anuncio;Arreola, Juan José;NA;141,649717; 1605;0,5239875
Armisticio;Arreola, Juan José;NA; 32,281837;   47;0,8723404
Baby H. P.;Arreola, Juan José;NA;112,632652;  535;0,5700935
Baltasar Gérard [1555 1582];Arreola, Juan José;1582;129,464731;  892;0,5269058
Camelidos;Arreola, Juan José;NA; 53,063598;  132;0,7045455
Carta a un zapatero que compuso mal unos zapatos;Arreola, Juan José;NA;122,338312;  989;0,5025278
Cláusula III;Arreola, Juan José;NA; 14,048611;   17;0,9411765
Corrido;Arreola, Juan José;NA; 85,584156;  586;0,4846416
Cuento de horror;Arreola, Juan José;NA; 17,000000;   17;1,0000000
De balística;Arreola, Juan José;1915;139,498579; 2488;0,4493569
Diálogo con Borges;Arreola, Juan José;NA; 19,908602;   23;0,9565217
El converso;Arreola, Juan José;NA;120,702144; 1598;0,4755945
El discípulo;Arreola, Juan José;NA;111,394396;  642;0,5295950
El faro;Arreola, Juan José;NA;136,118177;  362;0,6795580
El guardagujas;Arreola, Juan José;NA;135,612531; 2358;0,4223919
El prodigioso miligramo;Arreola, Juan José;NA;  5,000000;    5;1,0000000
El rinoceronte;Arreola, Juan José;NA; 96,324961;  543;0,5672192
El rinoceronte;Arreola, Juan José;NA; 96,324961;  543;0,5672192
El sapo;Arreola, Juan José;1959; 30,190361;  136;0,6911765
El silencio de Dios;Arreola, Juan José;NA;140,313109; 2207;0,4458541
En verdad os digo;Arreola, Juan José;NA;107,248585; 1151;0,5030408
Eva;Arreola, Juan José;NA;109,831715;  478;0,5920502
Felinos;Arreola, Juan José;NA; 24,832579;   28;0,9642857
In Memoriam;Arreola, Juan José;NA;126,736632; 1106;0,5461121
La canción de Peronelle;Arreola, Juan José;NA; 94,164976;  461;0,5336226
La jirafa;Arreola, Juan José;1995; 70,984794;  195;0,6769231
La migala;Arreola, Juan José;NA; 83,527608;  558;0,5358423
Libertad;Arreola, Juan José;NA; 93,441109;  170;0,7705882
Los alimentos terrestres;Arreola, Juan José;NA; 82,377835; 1054;0,4089184
Monólogo del insumiso;Arreola, Juan José;NA;116,351613;  654;0,5718654
Nabónides;Arreola, Juan José;1913;119,743487;  696;0,5402299
Parábola del trueque;Arreola, Juan José;NA;150,038703; 1192;0,5184564
Parturient montes;Arreola, Juan José;NA;133,196981;  963;0,5514019
Pueblerina;Arreola, Juan José;NA;112,794897;  873;0,5349370
Receta casera;Arreola, Juan José;NA; 50,638414;   98;0,7551020
Sinesio de Rodas;Arreola, Juan José;NA;107,291236;  606;0,5775578
Teoría de Dulcinea;Arreola, Juan José;NA; 74,432138;  217;0,6635945
Topos;Arreola, Juan José;NA; 67,035156;  131;0,7328244
Un pacto con el diablo;Arreola, Juan José;NA;148,440733; 1903;0,4161850
Una de dos;Arreola, Juan José;NA; 78,529660;  182;0,7087912
Una mujer amaestrada;Arreola, Juan José;NA;121,088192;  936;0,5309829
Una reputación;Arreola, Juan José;NA;147,930392;  861;0,5238095
Leyenda del volcán;Asturias, Miguel Ángel;1930; 59,178383; 1397;0,4130279
El Inquisidor;Ayala, Francisco;NA;148,038811; 6111;0,3531337
La vida por la opinión;Ayala, Francisco;1936;143,344343; 3761;0,4068067
Diente por diente;Bareiro Saguier, Rubén;1971;104,018712; 1880;0,3824468
Licantropía;Bareiro Saguier, Rubén;1984;114,185104; 2161;0,4261916
Ojo por diente;Bareiro Saguier, Rubén;1971; 98,789744; 1377;0,4756718
Ángelus;Baroja, Pío;1900; 86,559460;  469;0,5223881
El reloj;Baroja, Pío;NA; 82,096521;  740;0,4648649
La caja de música;Baroja, Pío;1850;104,709812; 6532;0,2844458
La sima;Baroja, Pío;NA; 98,633036; 2153;0,4050163
Mari Belcha;Baroja, Pío;NA; 91,070381;  740;0,5013514
Médium;Baroja, Pío;NA; 69,373695; 1176;0,4226190
Olaberri el macabro;Baroja, Pío;NA; 87,730922;  327;0,6207951
La ciudad enferma;Barreto, Héctor;1938;133,603092; 1572;0,4561069
"Introducción al libro ""Rimas y leyendas""";Bécquer, Gustavo Adolfo;1868; 81,532463;  928;0,5161638
El gnomo;Bécquer, Gustavo Adolfo;NA; 99,738347; 5112;0,3444836
El miserere;Bécquer, Gustavo Adolfo;NA; 88,233619; 3398;0,3878752
El monte de las ánimas;Bécquer, Gustavo Adolfo;NA; 95,885871; 2752;0,3997093
El rayo de luna;Bécquer, Gustavo Adolfo;NA; 86,485276; 3572;0,3524636
La corza blanca;Bécquer, Gustavo Adolfo;NA;107,530925; 6588;0,3160291
La promesa;Bécquer, Gustavo Adolfo;NA; 96,613559; 3442;0,3925044
La rosa de pasión;Bécquer, Gustavo Adolfo;NA;104,028095; 3078;0,4044834
La Venta de los Gatos;Bécquer, Gustavo Adolfo;NA;104,028095; 3078;0,4044834
La candelaria de Juan Candelario;Belaval, Emilio S.;1946; 88,108317; 3237;0,3311708
La viuda del manto prieto;Belaval, Emilio S.;1946;126,002546; 2668;0,3886807
Mantengo;Belaval, Emilio S.;1946;116,351405; 3693;0,3493095
Santiguá de santigüero;Belaval, Emilio S.;1946; 86,615230; 2180;0,3426606
Tormenta platanera;Belaval, Emilio S.;1946; 93,875779; 2680;0,3402985
Cuento inmoral;Benavente, Jacinto;NA; 71,726804;  842;0,4323040
Historia de un día en tres esquelas;Benavente, Jacinto;NA; 58,245707;  187;0,6631016
Nochebuena aristocrática;Benavente, Jacinto;NA; 87,323236; 1382;0,4674385
A imagen y semejanza;Benedetti, Mario;NA;109,811288;  910;0,4318681
Almuerzo y dudas;Benedetti, Mario;NA;123,641087; 1534;0,4015645
Andamios;Benedetti, Mario;2017;110,791587; 1648;0,4787621
Beatriz, la polución;Benedetti, Mario;NA; 87,352441;  850;0,3882353
Beatriz, una palabra enorme;Benedetti, Mario;NA; 67,554630;  663;0,3981900
Bestiario;Benedetti, Mario;NA; 59,045110;  291;0,5738832
Cleopatra;Benedetti, Mario;1990;107,666161; 1029;0,4703596
Corazonada;Benedetti, Mario;3362;124,773235; 1661;0,4286574
El altillo;Benedetti, Mario;1968; 93,512471; 1651;0,3634161
El hombre que aprendió a ladrar;Benedetti, Mario;NA; 89,249027;  227;0,6651982
El niño cinco mil millones;Benedetti, Mario;1987; 55,253252;  197;0,5989848
El Otro Yo;Benedetti, Mario;NA; 85,372993;  323;0,6068111
El sexo de los ángeles;Benedetti, Mario;NA; 53,439834;  265;0,5773585
Eso;Benedetti, Mario;NA; 60,302177;  116;0,7413793
Gracias, vientre leal;Benedetti, Mario;NA;128,757783; 1758;0,4379977
La noche de los feos;Benedetti, Mario;NA;145,148754; 1062;0,5348399
Lázaro;Benedetti, Mario;NA; 77,748275;  262;0,6030534
Lingüistas;Benedetti, Mario;NA; 68,947266;  123;0,7804878
Los bomberos;Benedetti, Mario;NA; 62,919179;  267;0,5805243
Los pocillos;Benedetti, Mario;1953;120,017553; 1968;0,4202236
Mucho gusto;Benedetti, Mario;NA; 83,076985;  257;0,6381323
Pacto de sangre;Benedetti, Mario;NA;113,980724; 3543;0,3604290
Persecuta;Benedetti, Mario;1990; 49,558315;   98;0,7346939
Réquiem con tostadas;Benedetti, Mario;1968; 97,910588; 1920;0,3442708
Rutinas;Benedetti, Mario;1974; 62,813167;  123;0,7317073
Sábado de Gloria;Benedetti, Mario;NA; 95,440408; 2616;0,3772936
Su amor no era sencillo;Benedetti, Mario;NA; 36,874644;   43;0,9534884
Tan amigos;Benedetti, Mario;NA;122,829501; 1043;0,4726750
Tango;Benedetti, Mario;NA;111,039695;  566;0,5742049
Todo lo contrario;Benedetti, Mario;NA; 80,000000;  160;0,7187500
Traducciones;Benedetti, Mario;NA; 77,154326;  209;0,6459330
Un boliviano con salida al mar;Benedetti, Mario;NA; 98,290930;  322;0,6180124
El caso de los viejitos voladores;Bioy Casares, Adolfo;NA; 97,641000;  969;0,4716202
En memoria de Paulina;Bioy Casares, Adolfo;NA;108,691629; 4826;0,3404476
La francesa;Bioy Casares, Adolfo;NA; 65,903304;  174;0,6666667
La salvación;Bioy Casares, Adolfo;NA; 52,196344;  140;0,6642857
La trama celeste;Bioy Casares, Adolfo;6890;113,010741; 9532;0,2992027
Las vísperas de Fausto;Bioy Casares, Adolfo;1440;111,903845;  846;0,5035461
Margarita o el poder de la farmacopea;Bioy Casares, Adolfo;NA;139,748865;  558;0,6093190
Post operatorio;Bioy Casares, Adolfo;NA; 22,292011;   34;0,8529412
Postrimerías;Bioy Casares, Adolfo;1959; 91,097184;  322;0,6335404
Retrato;Bioy Casares, Adolfo;NA; 27,911552;   47;0,8085106
Retrato del héroe;Bioy Casares, Adolfo;1959; 65,814910;  137;0,7226277
Tigres;Bioy Casares, Adolfo;NA; 15,000000;   15;1,0000000
La gloria de Mamporal;Blanco, Andrés Eloy;NA; 79,470286; 2565;0,4023392
El maniquí;Blasco Ibáñez, Vicente;1900;128,971260; 2317;0,4182132
El ogro;Blasco Ibáñez, Vicente;1902;121,739830; 1823;0,4470653
En la puerta del Cielo;Blasco Ibáñez, Vicente;NA;120,379953; 1290;0,4868217
La condenada;Blasco Ibáñez, Vicente;1900;136,826774; 1829;0,4603609
La corrección;Blasco Ibáñez, Vicente;NA;110,710742; 1857;0,4614970
La pared;Blasco Ibáñez, Vicente;1900;101,365533; 1202;0,4592346
Sancha;Blasco Ibáñez, Vicente;1902;103,700651;  955;0,4869110
Un beso;Blasco Ibáñez, Vicente;NA;147,588506; 2091;0,4653276
Venganza moruna;Blasco Ibáñez, Vicente;1900;120,733911; 2397;0,3984147
El árbol;Bombal, María Luisa;1939;112,426136; 3467;0,3833285
Lo secreto;Bombal, María Luisa;NA;155,295597; 1291;0,5468629
Abel y Caín;Borges, Jorge Luis;NA; 57,172598;  153;0,6797386
Adrogué;Borges, Jorge Luis;NA; 26,751256;   39;0,8717949
Alguien soñará;Borges, Jorge Luis;NA; 45,499177;  151;0,6225166
Andrés Armoa;Borges, Jorge Luis;NA; 67,878530;  260;0,6000000
Argumentum ornithologicum;Borges, Jorge Luis;NA; 36,147853;  115;0,5826087
Biografía de Tadeo Isidoro Cruz (1829-1874);Borges, Jorge Luis;NA; 14,048611;   17;0,9411765
Borges y yo;Borges, Jorge Luis;1988; 74,693161;  317;0,5835962
Del Rigor en la Ciencia;Borges, Jorge Luis;1658; 52,038546;  131;0,6793893
Diálogo sobre un diálogo;Borges, Jorge Luis;NA; 64,420354;  138;0,7101449
El acercamiento a Almotásim;Borges, Jorge Luis;1936; 94,622609; 2268;0,4484127
El adivino;Borges, Jorge Luis;NA; 15,909091;   25;0,8400000
El Aleph;Borges, Jorge Luis;NA; 42,603269;   65;0,8461538
El cautivo;Borges, Jorge Luis;NA; 88,881984;  254;0,6299213
El evangelio según Marcos;Borges, Jorge Luis;1970;115,245292; 1946;0,4275437
El informe de Brodie;Borges, Jorge Luis;1840;108,210089; 2596;0,4318182
El jardín de los senderos que se bifurcan;Borges, Jorge Luis;1941;112,034308; 3744;0,3803419
El libro de arena;Borges, Jorge Luis;1623;  6,000000;    7;1,0000000
El milagro secreto;Borges, Jorge Luis;1924;118,442515; 2236;0,4530411
El muerto;Borges, Jorge Luis;1894;106,855810; 1814;0,4332966
El Palacio;Borges, Jorge Luis;NA; 42,348348;  176;0,6875000
El perro de doble cuerpo;Borges, Jorge Luis;NA; 33,743323;   57;0,8070175
El puñal;Borges, Jorge Luis;NA; 64,751983;  197;0,6548223
El sur;Borges, Jorge Luis;1939; 94,726529; 2391;0,4061062
Emma Zunz;Borges, Jorge Luis;1949; 95,695774; 1927;0,4255319
Episodio del enemigo;Borges, Jorge Luis;NA; 99,806002;  352;0,6221591
Funes el memorioso;Borges, Jorge Luis;1944;105,534175; 2692;0,4249629
Ictiocentauros;Borges, Jorge Luis;NA; 47,509202;   88;0,7613636
La biblioteca de Babel;Borges, Jorge Luis;NA; 14,794760;   22;0,8636364
La biblioteca total;Borges, Jorge Luis;1934; 77,047607; 1185;0,4894515
La casa de Asterión;Borges, Jorge Luis;NA; 98,214233;  877;0,4868871
La intrusa;Borges, Jorge Luis;NA;120,668027; 1376;0,4651163
La larga busca;Borges, Jorge Luis;NA; 41,000000;  240;0,5500000
La peluda;Borges, Jorge Luis;1957; 52,551940;  192;0,6614583
La secta de los treinta;Borges, Jorge Luis;1975; 78,331437; 1094;0,5000000
La trama;Borges, Jorge Luis;NA; 65,509434;  124;0,7500000
Las ruinas circulares;Borges, Jorge Luis;NA;107,934330; 1964;0,4343177
Le régret d'Héraclite;Borges, Jorge Luis;NA; 12,886364;   18;0,8888889
Los dos reyes y los dos laberintos;Borges, Jorge Luis;NA; 62,025137;  304;0,5559211
Los hrönir de Tlön;Borges, Jorge Luis;NA; 80,281073;  503;0,5586481
Mutaciones;Borges, Jorge Luis;NA; 66,911044;  217;0,6036866
Odín;Borges, Jorge Luis;NA; 59,150961;  179;0,6368715
Parábola de Cervantes y de Quijote;Borges, Jorge Luis;1955; 54,326549;  194;0,5979381
Pierre Menard, autor del Quijote;Borges, Jorge Luis;NA;  3,000000;    3;1,0000000
Tlön, Uqbar, Orbis Tertius;Borges, Jorge Luis;1921; 96,524634; 5683;0,3693472
Tres versiones de Judas;Borges, Jorge Luis;1912; 91,065164; 1868;0,4726981
Un problema;Borges, Jorge Luis;1960; 70,904683;  339;0,5752212
Un sueño;Borges, Jorge Luis;NA; 32,759453;   96;0,6250000
Utopía de un hombre que está cansado;Borges, Jorge Luis;NA; 12,000000;   12;1,0000000
Dos pesos de agua;Bosch, Juan;1941;112,546296; 3095;0,3835218
En un bohío;Bosch, Juan;1947;104,211534; 1360;0,4286765
La bella alma de don Damián;Bosch, Juan;1939;109,095180; 3270;0,3480122
La mancha indeleble;Bosch, Juan;1962;118,845451; 1220;0,4639344
La mujer;Bosch, Juan;1933;121,743887;  992;0,4687500
La Nochebuena de Encarnación Mendoza;Bosch, Juan;1962;113,344901; 3757;0,3316476
Los amos;Bosch, Juan;1962;108,099110;  814;0,4889435
Luis Pie;Bosch, Juan;1942;120,660126; 2089;0,4078506
Bella Flor;Caballero, Fernán;1921; 79,438312; 1708;0,3436768
Benibaire;Caballero, Fernán;1921; 51,925982;  661;0,3661120
Cómo le gusta al Niño Dios que le pidan;Caballero, Fernán;1921; 63,800680;  241;0,5892116
Cuento de bruja;Caballero, Fernán;1921; 43,348894;  161;0,5776398
El Carlanco;Caballero, Fernán;1921; 68,188889;  647;0,4420402
El lirio azul;Caballero, Fernán;1921; 64,226829;  395;0,5139241
El lobo bobo y la zorra astuta;Caballero, Fernán;1921; 71,001416; 1128;0,3687943
El pícaro pajarillo;Caballero, Fernán;1921; 51,216927;  496;0,4254032
La hormiguita;Caballero, Fernán;1921; 46,710994;  668;0,3697605
La niña de los tres maridos;Caballero, Fernán;1921; 62,357351;  805;0,3962733
La tentación;Caballero, Fernán;1921; 78,707315;  451;0,5321508
La Virgen costurera;Caballero, Fernán;1921; 69,018427;  389;0,5218509
Los caballeros del pez;Caballero, Fernán;1921; 96,279264; 2351;0,4006806
Los deseos;Caballero, Fernán;1921; 91,582412;  832;0,4831731
Los dos caminitos;Caballero, Fernán;1921; 44,719414;  319;0,4890282
Otra versión del Carlanco;Caballero, Fernán;1921; 52,393663;  230;0,5173913
Señor, aquí está Juan;Caballero, Fernán;1921; 67,061728;  195;0,6410256
Si Dios quiere;Caballero, Fernán;1921; 46,235816;  294;0,5102041
Una promesa;Caballero, Fernán;1921; 77,420527;  592;0,4611486
Paludismo;Cáceres Lara, Víctor;1952;127,405987; 1636;0,4969438
Confesión auténtica de un ahorcado resucitado;Camacho, Juan Vicente;1861;120,257669; 4435;0,3623450
El entierro de Henri Christophe;Carpentier, Alejo;NA; 75,345324;  268;0,6082090
Los advertidos;Carpentier, Alejo;NA;103,320872; 4265;0,3650645
Semejante a la noche;Carpentier, Alejo;NA;102,412509; 4431;0,4060032
Viaje a la semilla;Carpentier, Alejo;NA;139,750892; 4659;0,4241253
San Antoñito;Carrasquilla, Tomás;1914;110,716129; 4371;0,3971631
Los conejos blancos;Carrington, Leonora;NA;106,660282; 1364;0,4670088
La eterna canción;Cela, Camilo José;NA; 97,470388;  825;0,5030303
Olor a cebolla;Cela, Camilo José;NA; 44,962722;  329;0,4832827
Pequeña parábola de “Chindo” perro de ciego;Cela, Camilo José;NA; 19,067553; 1066;0,4258912
Pregones;Cernuda, Luis;1942; 75,472527;  545;0,5504587
El amante liberal;Cervantes, Miguel de;NA; 63,181837;19306;0,1797887
El casamiento engañoso;Cervantes, Miguel de;NA; 60,428312; 5493;0,2770799
El celoso extremeño;Cervantes, Miguel de;NA; 90,034669;13680;0,2155702
El coloquio de los perros;Cervantes, Miguel de;NA; 87,853661;23056;0,2090562
El curioso impertinente;Cervantes, Miguel de;NA; 81,196116;16619;0,1859919
El enamorado portugués;Cervantes, Miguel de;NA; 81,033477; 1795;0,3977716
El licenciado Vidriera;Cervantes, Miguel de;NA; 76,940397; 9480;0,2816456
La española inglesa;Cervantes, Miguel de;NA; 82,523386;16058;0,1951675
La fuerza de la sangre;Cervantes, Miguel de;NA; 59,465606; 8005;0,2488445
La gitanilla;Cervantes, Miguel de;NA; 87,451752;23520;0,1977041
La ilustre fregona;Cervantes, Miguel de;NA; 23,449574;21727;0,1827220
La pastora Marcela;Cervantes, Miguel de;NA; 87,268441; 5491;0,2890184
Rinconete y Cortadillo;Cervantes, Miguel de;NA; 46,360002;15062;0,2111937
Rutilio da cuenta de su vida;Cervantes, Miguel de;NA; 96,701917; 2216;0,3948556
La última batalla;Chacel, Rosa;NA; 80,604681; 1477;0,4116452
El diente roto;Coll, Pedro Emilio;NA; 85,681187;  552;0,5344203
Cinco marineros y un ataúd verde;Coloane, Francisco;NA;108,852509; 4241;0,3388352
Galope de esqueletos;Coloane, Francisco;NA;120,275786; 1496;0,4545455
La botella de caña vacía;Coloane, Francisco;NA;103,760980; 4043;0,3279743
Viven porque están muertos;Coloane, Francisco;NA;106,257330; 2864;0,3949022
El niño de Junto al Cielo;Congrains Martín, Enrique;1954; 99,127507; 3626;0,3108108
Los caminos;Conti, Haroldo;1969; 70,876371;  777;0,4272844
Muerte de un hermano;Conti, Haroldo;NA;109,387336; 1565;0,3738019
Perdido;Conti, Haroldo;1972;115,692308; 1505;0,4212625
Almuerzos;Cortázar, Julio;NA; 57,863103;  144;0,6805556
Amor 77;Cortázar, Julio;NA; 17,500000;   30;0,8000000
Axolotl;Cortázar, Julio;NA;107,986927; 1975;0,4116456
Carta a una señorita en París;Cortázar, Julio;NA; 99,299005; 3182;0,3651791
Cartas de mamá;Cortázar, Julio;1959; 90,604938; 7339;0,2805559
Casa tomada;Cortázar, Julio;1939;111,205894; 1934;0,3950362
Circe;Cortázar, Julio;NA; 33,354108;   58;0,7931034
Cóndor y cronopio;Cortázar, Julio;NA; 45,181220;  113;0,6548673
Conducta en los velorios;Cortázar, Julio;NA;107,219383; 1465;0,4546075
Conservación de los recuerdos;Cortázar, Julio;NA; 55,601218;  153;0,6601307
Continuidad de los parques;Cortázar, Julio;NA; 91,759649;  542;0,5498155
Después del almuerzo;Cortázar, Julio;NA; 89,315286; 3782;0,2625595
El diario a diario;Cortázar, Julio;NA; 28,804336;  156;0,4551282
En un vaso de agua fría o preferentemente tibia;Cortázar, Julio;NA; 52,792144;   96;0,7708333
"Epígrafe de ""Rayuela""";Cortázar, Julio;NA; 72,227667;  328;0,5579268
Historia verídica;Cortázar, Julio;NA; 52,452349;  138;0,6376812
Instrucciones para cantar;Cortázar, Julio;NA; 55,722022;  105;0,7523810
Instrucciones para llorar;Cortázar, Julio;NA; 62,311327;  164;0,6585366
Instrucciones para subir una escalera;Cortázar, Julio;NA; 72,179006;  382;0,5575916
La autopista del sur;Cortázar, Julio;1964; 23,000000;   24;1,0000000
La isla a mediodía;Cortázar, Julio;1966;104,588594; 2848;0,3606039
La noche boca arriba;Cortázar, Julio;NA; 13,000000;   13;1,0000000
La señorita Cora;Cortázar, Julio;NA; 28,787149;   32;0,9687500
Las líneas de la mano;Cortázar, Julio;1962; 51,177836;  244;0,5614754
Las ménades;Cortázar, Julio;NA;122,646871; 4786;0,3380694
Lejana;Cortázar, Julio;NA; 94,196822; 2924;0,3573871
Los testigos;Cortázar, Julio;NA;102,579151; 1932;0,4125259
Página asesina;Cortázar, Julio;NA; 22,292011;   34;0,8529412
Patio de tarde;Cortázar, Julio;NA; 54,298287;  173;0,5664740
Por escrito gallina una;Cortázar, Julio;NA; 56,115942;   88;0,8409091
Rayuela: Capítulo 68;Cortázar, Julio;NA; 61,039146;  201;0,6417910
Secuencias;Cortázar, Julio;NA; 23,754277;   80;0,3875000
Tema para un tapiz;Cortázar, Julio;NA; 39,387801;  148;0,5135135
Teoría del cangrejo;Cortázar, Julio;NA; 59,249836;  235;0,6255319
Todos los fuegos el fuego;Cortázar, Julio;1966;112,274397; 4632;0,3115285
Una flor amarilla;Cortázar, Julio;1956; 81,943112; 2650;0,3581132
Vialidad;Cortázar, Julio;NA; 60,000000;  180;0,5888889
En provincia;d'Halmar, Augusto;NA;  3,736842;   71;0,2394366
El tren;Dabove, Santiago;1946; 94,610089;  638;0,5219436
Ser polvo;Dabove, Santiago;NA;122,545102; 2198;0,4394904
Aguafuerte;Darío, Rubén;NA; 85,632155;  224;0,6875000
"Amar hasta fracasar (solo la vocal ""a"")";Darío, Rubén;1913; 61,114263; 1227;0,4433578
Cuento de Nochebuena;Darío, Rubén;NA;103,277430; 1482;0,4615385
El caso de la señorita Amelia;Darío, Rubén;NA; 90,389261; 1949;0,4520267
El nacimiento de la col;Darío, Rubén;NA; 57,999361;  171;0,6959064
El pájaro azul;Darío, Rubén;NA;143,006158; 1095;0,5041096
El rey burgués;Darío, Rubén;NA; 68,616620; 1597;0,4464621
El rubí;Darío, Rubén;1888;117,861546; 1865;0,4761394
El sátiro sordo;Darío, Rubén;NA;109,398376; 1511;0,4645930
El velo de la reina Mab;Darío, Rubén;NA; 72,986696; 1079;0,4874884
Huitzilopoxtli;Darío, Rubén;NA;126,193721; 1613;0,4327340
La extraña muerte de fray Pedro;Darío, Rubén;NA; 85,254215; 1424;0,4782303
La larva;Darío, Rubén;NA; 91,517230; 1105;0,4959276
El amor propio de Juanito Osuna;Delibes, Miguel;NA;106,382196; 3707;0,2686809
El otro hombre;Delibes, Miguel;NA;104,739953; 1065;0,4741784
El pueblo en la cara;Delibes, Miguel;1964; 65,484784;  711;0,4739803
La mortaja;Delibes, Miguel;1963;107,050050; 9699;0,2714713
Navidad sin ambiente;Delibes, Miguel;NA; 97,798559; 1105;0,4108597
A la salida del Infierno;Denevi, Marco;NA; 22,509514;   39;0,7948718
Adán y Eva;Denevi, Marco;NA; 12,886364;   18;0,8888889
Catequesis;Denevi, Marco;NA; 11,144214;   29;0,6206897
Crueldad de Cervantes;Denevi, Marco;1984; 32,810606;   72;0,6805556
Cuento de horror;Denevi, Marco;NA; 93,206522;  175;0,7542857
Cuento policial;Denevi, Marco;1972; 51,972245;  201;0,5870647
Desastroso fin de los tres Reyes Magos;Denevi, Marco;NA; 16,969697;   21;0,9047619
Descenso a los infiernos de la imaginación;Denevi, Marco;1979;106,617431; 3228;0,3540892
Dulcinea del Toboso;Denevi, Marco;1984; 73,415904;  197;0,6497462
El amor es crédulo;Denevi, Marco;NA; 56,327586;   99;0,7878788
El diablo;Denevi, Marco;1966; 60,135775;  461;0,5292842
El emperador de China;Denevi, Marco;NA; 53,846154;  100;0,7600000
El eterno militar;Denevi, Marco;1966; 44,289474;   89;0,7303371
El maestro traicionado;Denevi, Marco;1966; 48,781764;  160;0,6500000
El nunca correspondido amor de los fuertes por los débiles;Denevi, Marco;NA; 57,198969;  135;0,6814815
El peligro amarillo;Denevi, Marco;NA; 42,957983;   96;0,7187500
El precursor de Cervantes;Denevi, Marco;NA; 73,872147;  201;0,6666667
El ruiseñor;Denevi, Marco;1966; 51,165239;  436;0,3899083
El trabajo N° 13 de Hércules;Denevi, Marco;NA; 48,104809;  106;0,6886792
Epidemia de Dulcineas en el Toboso;Denevi, Marco;1984; 98,740368;  285;0,6701754
Esquina peligrosa;Denevi, Marco;NA; 69,813333;  272;0,6176471
Génesis;Denevi, Marco;NA; 60,955681;  207;0,6231884
Génesis, 2;Denevi, Marco;NA; 73,258992;  292;0,6130137
Historia fantástica;Denevi, Marco;1691; 66,312217;  180;0,6666667
In paradisum;Denevi, Marco;NA; 34,838396;   64;0,7656250
Justificación de la mujer de Putifar;Denevi, Marco;NA;  8,000000;    8;1,0000000
La anunciación al traidor;Denevi, Marco;1966; 75,628961;  818;0,4938875
La bella durmiente del bosque y el príncipe;Denevi, Marco;NA; 32,445946;   49;0,8571429
La cicatriz;Denevi, Marco;1587; 98,981673; 1004;0,5009960
La hormiga;Denevi, Marco;1966; 87,102554;  312;0,6089744
La inmolación por la belleza;Denevi, Marco;NA; 94,464883;  260;0,6730769
La memoria, esa incomodidad;Denevi, Marco;NA; 87,048340;  172;0,7267442
La mujer ideal no existe;Denevi, Marco;1984; 30,952118;   50;0,8400000
La mujer ideal para el perfecto machista;Denevi, Marco;NA; 74,421445;  314;0,6082803
La reina virgen;Denevi, Marco;NA; 72,503754;  164;0,7012195
La soledad;Denevi, Marco;1966; 70,282510;  154;0,6948052
La virginidad escasea;Denevi, Marco;NA; 43,594394;   96;0,6770833
Las vírgenes prudentes;Denevi, Marco;NA; 34,356354;   79;0,6582278
Los animales en el arca;Denevi, Marco;NA; 52,956423;  277;0,5812274
Los ardides de la impotencia;Denevi, Marco;1984; 20,396552;   27;0,9259259
Los silencios de Lanzarote y Ginebra;Denevi, Marco;1966; 62,227920;  135;0,7111111
Otra versión;Denevi, Marco;1966; 64,768987;  212;0,6509434
Pensamientos del señor Perogrullo;Denevi, Marco;NA;  7,522388;   12;0,8333333
Proposición sobre las verdaderas causas de la locura de don Quijote;Denevi, Marco;1966; 38,707566;   53;0,9056604
Realismo femenino;Denevi, Marco;1984; 37,611940;   61;0,8360656
Schehrasad en la noche 1002;Denevi, Marco;1966; 56,408940;  124;0,7096774
Silencio de sirenas;Denevi, Marco;1966; 35,720257;   70;0,7428571
The male animal;Denevi, Marco;1966; 44,213779;  259;0,5521236
Una impostura del señor Perogrullo;Denevi, Marco;NA; 10,161290;   15;0,8666667
Verídica crónica de Juana la Loca y de Felipe el Hermoso;Denevi, Marco;NA; 99,806082; 1625;0,4523077
“Veritas odium parit”;Denevi, Marco;NA; 14,048611;   17;0,9411765
El Josco;Díaz Alfaro, Abelardo;NA;106,394396; 1575;0,4444444
Santa Clo va a La Cuchilla;Díaz Alfaro, Abelardo;NA;115,841797; 1344;0,4657738
Caín;Díaz Grullón, Virgilio;1930;117,527322; 1272;0,4606918
Catatónico;Díaz Grullón, Virgilio;NA; 81,874018;  512;0,5449219
Edipo;Díaz Grullón, Virgilio;1958;125,764727; 1203;0,4970906
El maleficio;Díaz Grullón, Virgilio;1975; 87,895236;  516;0,5697674
La enemiga;Díaz Grullón, Virgilio;NA; 96,107311; 1021;0,4495593
La rebelión;Díaz Grullón, Virgilio;NA;125,400638; 1321;0,4390613
Cuento áureo;Díaz Rodríguez, Manuel;1899; 83,726554; 1623;0,4208256
El asedio;Díaz Valcárcel, Emilio;NA;141,506845; 2408;0,4647010
El regreso;Díaz Valcárcel, Emilio;NA;117,409091; 1260;0,4539683
La muchacha del tiempo;Díaz Valcárcel, Emilio;1995; 97,031168;  719;0,5173853
Acerca de la muerte de Bieito;Dieste, Rafael;NA;106,364497;  800;0,5062500
El niño suicida;Dieste, Rafael;1926; 91,087891;  755;0,5072848
El regreso;Dieste, Rafael;NA;120,815737;  792;0,5378788
China;Donoso, José;NA;147,257471; 1689;0,4766134
La invención de Ramón;Donoso, José;NA; 66,905568;  244;0,5778689
La puerta cerrada;Donoso, José;1960;108,149041; 8287;0,2879208
Una señora;Donoso, José;NA;110,471974; 2011;0,4067628
El matadero;Echeverría, Esteban;NA;109,699482; 6077;0,3621853
El acto libre;Edwards, José;NA;129,283249; 1344;0,4687500
El barbazul delicado;Edwards, José;NA;159,154298; 4799;0,4040425
El masoquista;Edwards, José;NA;173,676002; 2385;0,4524109
El vicio del alcohol;Emar, Juan;1937;100,320736; 1399;0,4424589
Artificios;Fernández, Macedonio;1972; 27,144434;   75;0,7333333
Un paciente en disminución;Fernández, Macedonio;NA; 42,776151;   94;0,6702128
La fraga de Cecebre;Fernández Flórez, Wenceslao;NA;109,436865; 2119;0,4270882
Cabeza rapada;Fernández Santos, Jesús;1958;132,026834;  991;0,5116044
Chac Mool;Fuentes, Carlos;NA;147,442516; 3589;0,4157147
El que inventó la pólvora;Fuentes, Carlos;1909;136,188329; 2351;0,4891536
La muñeca reina;Fuentes, Carlos;NA;115,653930; 5954;0,3495129
Una zona sagrada;Fuentes, Carlos;1967; 55,102578;  136;0,6911765
El crepúsculo del diablo;Gallegos, Rómulo;NA;102,011696; 2069;0,4253262
El paréntesis;Gallegos, Rómulo;NA;120,901025; 2287;0,4468736
El piano viejo;Gallegos, Rómulo;1916;107,477562; 1629;0,4272560
Amantes asesinados por una perdiz;García Lorca, Federico;NA; 75,701679;  580;0,5517241
Degollación de los inocentes;García Lorca, Federico;NA;118,220332;  566;0,6113074
Historia de este gallo;García Lorca, Federico;1830;118,981584; 2336;0,4559075
La gallina;García Lorca, Federico;1934; 38,419937;  513;0,4775828
Nadadora sumergida;García Lorca, Federico;NA;109,896517;  509;0,5834971
Santa Lucía y san Lázaro;García Lorca, Federico;1910; 99,012287; 2346;0,4471441
Suicidio en Alejandría;García Lorca, Federico;NA; 28,172564;  354;0,5254237
Algo muy grave va a suceder en este pueblo;García Márquez, Gabriel;NA; 81,710046;  763;0,4298820
El cuento del gallo capón;García Márquez, Gabriel;NA; 30,857213;  196;0,3724490
El drama del desencantado;García Márquez, Gabriel;NA; 43,872549;  100;0,6900000
El rastro de tu sangre en la nieve;García Márquez, Gabriel;NA;104,464522; 7693;0,2842844
El visitante;García Márquez, Gabriel;2001; 61,474465;  173;0,6589595
Espantos de agosto;García Márquez, Gabriel;NA;106,394225; 1054;0,4791271
La fotogenia del fantasma;García Márquez, Gabriel;1955; 56,876640;  138;0,6739130
La luz es como el agua;García Márquez, Gabriel;NA; 84,928571; 1189;0,4322960
La muerte en Samarra;García Márquez, Gabriel;1995; 46,466702;  119;0,6218487
La prodigiosa tarde de Baltazar;García Márquez, Gabriel;1962;111,314492; 2441;0,3863171
La santa;García Márquez, Gabriel;NA;117,623953; 4812;0,3526600
Ladrón de sábado;García Márquez, Gabriel;NA; 89,262538;  639;0,4538341
Los cinco cuentos cortos más bellos del mundo: I;García Márquez, Gabriel;2001; 32,536481;   58;0,7931034
Los cinco cuentos cortos más bellos del mundo: II;García Márquez, Gabriel;2001; 45,244498;  100;0,7200000
Los cinco cuentos cortos más bellos del mundo: III;García Márquez, Gabriel;2001; 51,928826;  115;0,7043478
Los cinco cuentos cortos más bellos del mundo: IV;García Márquez, Gabriel;2001; 62,914494;  180;0,6666667
Los cinco cuentos cortos más bellos del mundo: V;García Márquez, Gabriel;2001; 68,885296;  128;0,7656250
Piensa en nosotros;García Márquez, Gabriel;NA; 62,825967;  114;0,7719298
Retinoblastoma;García Márquez, Gabriel;2001; 38,216962;   93;0,6989247
Solo vine a hablar por teléfono;García Márquez, Gabriel;NA;111,846935; 5433;0,3313087
Un día de estos;García Márquez, Gabriel;NA; 78,856548;  879;0,4550626
Un niño como yo;García Márquez, Gabriel;2001; 28,000000;   51;0,7843137
Un señor muy viejo con unas alas enormes;García Márquez, Gabriel;1972;104,441662; 2691;0,3857302
El alma;Garmendia, Julio;1927;140,087973; 2010;0,4527363
El difunto y yo;Garmendia, Julio;NA;135,070408; 2044;0,4486301
El pequeño nazareno;Garmendia, Julio;NA;107,239850;  595;0,5512605
La tienda de muñecos;Garmendia, Julio;NA;135,141025; 1192;0,5377517
Asunto de familia;Garmendia, Salvador;1972; 86,681702; 1020;0,4382353
Cosas de la muerte;Garmendia, Salvador;1983;116,141799;  806;0,5632754
Difuntos y volátiles;Garmendia, Salvador;1970; 99,105720;  540;0,5796296
El turpial que vivió dos veces;Garmendia, Salvador;2000;128,066674; 2095;0,3990453
Pájaros otoñales;Garmendia, Salvador;NA; 72,786088;  141;0,7375887
El anillo;Garro, Elena;NA;102,519022; 2987;0,3244058
El Duende;Garro, Elena;NA;100,688551; 2668;0,3489505
La culpa es de los tlaxcaltecas;Garro, Elena;1964;114,620962; 6086;0,2678278
Las cuatro moscas;Garro, Elena;1980; 94,832168; 3045;0,3648604
¿Qué hora es?;Garro, Elena;1964;119,164143; 4383;0,3196441
Teología;Garro, Elena;1918; 80,553171;  215;0,6697674
Aparición del tritón;Gómez de la Serna, Ramón;NA; 35,896341;   58;0,8275862
Aquella muerta;Gómez de la Serna, Ramón;NA; 15,690678;   23;0,8695652
Brujería del gato;Gómez de la Serna, Ramón;NA; 59,500000;  119;0,7142857
Diez millones de automóviles;Gómez de la Serna, Ramón;NA; 43,769249;  107;0,6728972
El burro zancón;Gómez de la Serna, Ramón;NA; 62,888281;  183;0,6338798
El desterrado;Gómez de la Serna, Ramón;NA; 63,797814;  190;0,6105263
El día 32;Gómez de la Serna, Ramón;NA; 63,669453;  767;0,4641460
El disfraz inaudito;Gómez de la Serna, Ramón;1922; 42,916667;  226;0,5796460
El extraño panadero;Gómez de la Serna, Ramón;NA; 36,837439;   87;0,6666667
El fanático de Dios;Gómez de la Serna, Ramón;NA; 25,563830;   81;0,6913580
El gato que vuela;Gómez de la Serna, Ramón;NA; 40,827016;  106;0,6509434
El hielo;Gómez de la Serna, Ramón;NA;  9,000000;    9;1,0000000
El ilusionista;Gómez de la Serna, Ramón;NA; 52,997774;  137;0,6350365
El lector de reojo;Gómez de la Serna, Ramón;NA; 72,500000;  145;0,7103448
El negro condenado a muerte;Gómez de la Serna, Ramón;NA; 55,888308;  138;0,6521739
El perro;Gómez de la Serna, Ramón;NA; 13,023256;   20;0,8500000
El pez;Gómez de la Serna, Ramón;NA; 13,000000;   13;1,0000000
El que se los comió;Gómez de la Serna, Ramón;NA; 45,336877;   89;0,7303371
El que veía en la obscuridad;Gómez de la Serna, Ramón;NA; 33,000613;  253;0,4584980
El sueño del violinista;Gómez de la Serna, Ramón;NA; 42,759036;   78;0,7692308
El sueño y la muerte;Gómez de la Serna, Ramón;NA; 27,712329;   51;0,7647059
Él y él mismo;Gómez de la Serna, Ramón;NA; 43,668224;  126;0,6507937
¡Ese soy yo!;Gómez de la Serna, Ramón;NA; 34,321429;   62;0,7741935
Invención del Carnaval;Gómez de la Serna, Ramón;NA; 49,583333;   85;0,8000000
La amante de Santiago;Gómez de la Serna, Ramón;1922; 98,783819; 1213;0,4542457
La cleptómana de cucharillas;Gómez de la Serna, Ramón;NA; 59,647887;  110;0,7636364
La estatua inesperada;Gómez de la Serna, Ramón;NA; 50,163828;   94;0,7553191
La mano;Gómez de la Serna, Ramón;NA; 69,392136;  227;0,6211454
La mano de mármol;Gómez de la Serna, Ramón;1922; 53,051140;  233;0,5793991
La vuelta del otro;Gómez de la Serna, Ramón;NA; 58,431354;  127;0,7165354
Las estrellas;Gómez de la Serna, Ramón;NA; 10,283019;   20;0,7500000
Las jaurías de la luna;Gómez de la Serna, Ramón;NA; 36,820559;   77;0,7272727
Las negruras de Rembrandt;Gómez de la Serna, Ramón;NA; 44,107616;  118;0,6610169
El sentenciado a diez muertes;Gómez de la Serna, Ramón;NA; 50,681424;  172;0,6046512
Los campanarios;Gómez de la Serna, Ramón;NA; 10,161290;   15;0,8666667
Los senos cuyo valor desconoce el dueño;Gómez de la Serna, Ramón;NA; 43,824953;   82;0,7560976
Los senos de verdadero Sèvres;Gómez de la Serna, Ramón;NA; 55,574061;  224;0,5669643
Metamorfosis;Gómez de la Serna, Ramón;NA; 52,276827;   98;0,7551020
Navidad;Gómez de la Serna, Ramón;NA; 58,254922;  206;0,6359223
No hay que pervertir los números;Gómez de la Serna, Ramón;1922; 47,355143;  224;0,5401786
Peor que el infierno;Gómez de la Serna, Ramón;NA; 63,678580;  182;0,6373626
Récord de viajero de avión;Gómez de la Serna, Ramón;NA; 48,834878;   91;0,7582418
Revolución;Gómez de la Serna, Ramón;NA; 40,947311;   73;0,7808219
Sabe a mariposa;Gómez de la Serna, Ramón;NA; 51,000000;  102;0,7156863
Seis barbas de besugo;Gómez de la Serna, Ramón;NA; 39,680195;   91;0,7032967
Senos. Las criadas;Gómez de la Serna, Ramón;1922; 48,966781;  241;0,5684647
Senos. Senos de viuda;Gómez de la Serna, Ramón;1922; 51,937848;  447;0,4988814
Traspaso de los sueños;Gómez de la Serna, Ramón;NA; 70,437797;  193;0,6424870
Un duelo;Gómez de la Serna, Ramón;NA; 12,115385;   15;0,9333333
Verdadera falsa muerte de Calígula;Gómez de la Serna, Ramón;NA; 41,755991;   74;0,7837838
Yo vi matar a aquella mujer;Gómez de la Serna, Ramón;NA; 56,893693;  158;0,6455696
El ausente;González, José Luis;NA;101,016092; 1049;0,4880839
El escritor;González, José Luis;1948;120,945268; 2285;0,4258206
En el fondo del caño hay un negrito;González, José Luis;NA; 96,116904; 1228;0,4201954
La carta;González, José Luis;1947; 63,997722;  233;0,6652361
La noche que volvimos a ser gente;González, José Luis;1970; 95,320991; 6042;0,2298908
Miedo;González, José Luis;1973;151,122012; 1042;0,5095969
Una caja de plomo que no se podía abrir;González, José Luis;NA; 97,431864; 2474;0,3253840
El clis de sol;González Zeledón, Manuel;1897;103,516994; 1011;0,4787339
Azogue;Gudiño Kieffer, Eduardo;1975; 32,000000;  161;0,6024845
Casa di Amore e Psyche;Gudiño Kieffer, Eduardo;1976; 18,562500;  100;0,6000000
De donde Juan Eduardo Martini...;Gudiño Kieffer, Eduardo;1970; 82,284144;  930;0,4978495
El rulo;Gudiño Kieffer, Eduardo;1970; 78,402817;  204;0,6715686
Gallina;Gudiño Kieffer, Eduardo;1976; 59,758021;  254;0,6299213
La nochebuena de Maritornes;Gudiño Kieffer, Eduardo;NA;104,797590;  532;0,5601504
Recomendaciones a Sebastián para la compra de un espejo;Gudiño Kieffer, Eduardo;1970;103,168668;  868;0,4827189
Vaca;Gudiño Kieffer, Eduardo;1976; 37,878788;  201;0,5572139
Diálogos y palabras;Güiraldes, Ricardo;NA;107,110357;  385;0,6051948
El pozo;Güiraldes, Ricardo;NA;122,798287;  527;0,5939279
Nocturno;Güiraldes, Ricardo;1915;115,006535;  566;0,5759717
Politiquería;Güiraldes, Ricardo;NA;146,394757;  872;0,5802752
Telesforo Altamira;Güiraldes, Ricardo;1919;110,546740;  509;0,5874263
Trenzador;Güiraldes, Ricardo;1915;151,126622;  875;0,5680000
Después de las carreras;Gutiérrez Nájera, Manuel;1883;108,791202; 1840;0,4744565
La fiesta de las balas;Guzmán, Martín Luis;1928; 98,109094; 4209;0,3466382
El tapado;Guzmán, Augusto;1952;150,691719; 2498;0,4415532
El acomodador;Hernández, Felisberto;1947;105,032619; 5681;0,2761838
El balcón;Hernández, Felisberto;NA;103,867281; 4943;0,2858588
El cocodrilo;Hernández, Felisberto;NA;109,583848; 4834;0,2939595
El corazón verde;Hernández, Felisberto;NA; 95,043440; 2488;0,3388264
El vestido blanco;Hernández, Felisberto;NA; 60,444537;  561;0,4527629
Elsa;Hernández, Felisberto;NA; 48,264270;  643;0,3779160
En gira con Yamandú Rodríguez;Hernández, Felisberto;NA; 94,581614; 1018;0,4587426
La casa inundada;Hernández, Felisberto;NA;100,907105; 9639;0,2298994
La mujer parecida a mí;Hernández, Felisberto;1943;111,993912; 4423;0,2914312
La pelota;Hernández, Felisberto;1945; 71,266397;  761;0,4244415
Menos Julia;Hernández, Felisberto;1947;119,392284; 5478;0,2811245
Mi primer concierto;Hernández, Felisberto;1947;101,485874; 2586;0,3553751
"Muebles ""El Canario""";Hernández, Felisberto;NA;103,518602; 1019;0,4563297
Mur;Hernández, Felisberto;NA;112,052849; 2426;0,3375927
Nadie encendía las lámparas;Hernández, Felisberto;1947; 93,967102; 1962;0,3654434
Un clavito en el aire;Hernández, Efrén;1941;102,069574; 1811;0,4168967
La hija del guardaagujas;Huidobro, Vicente;NA; 73,323441;  316;0,5791139
La joven del abrigo largo;Huidobro, Vicente;NA; 73,185924;  193;0,6839378
Tragedia;Huidobro, Vicente;NA; 53,114403;  193;0,5854922
Justicia india;Jaimes Freyre, Ricardo;1906; 93,176940; 1757;0,4342629
El amor que no podía ocultarse;Jardiel Poncela, Enrique;NA;111,735102;  736;0,5502717
El amor tomado del natural;Jardiel Poncela, Enrique;NA; 92,236691; 1091;0,4903758
"El chofer nuevo (sin la letra ""a"")";Jardiel Poncela, Enrique;NA; 67,503242;  346;0,5693642
La mujer-gato;Jardiel Poncela, Enrique;NA; 57,445980;  163;0,6441718
La silla del Imperio;Jardiel Poncela, Enrique;NA; 23,333333;   40;0,8000000
Los vecinos del principal derecha;Jardiel Poncela, Enrique;NA;110,516837; 1030;0,4970874
"Un marido sin vocación (sin la letra ""e"")";Jardiel Poncela, Enrique;1930; 86,790711;  787;0,5273189
¡Abrió los ojos!;Jiménez, Juan Ramón;NA; 49,218750;   75;0,8533333
Cuentos largos;Jiménez, Juan Ramón;NA; 27,570415;   98;0,6326531
El rayito de sol;Jiménez, Juan Ramón;NA; 55,398876;  228;0,5438596
El recto;Jiménez, Juan Ramón;1930; 62,053603;  123;0,7317073
La violetilla;Jiménez, Juan Ramón;NA; 66,187046;  160;0,6812500
Rosa;Lastarria, José Victorino;1847;108,352420; 1778;0,4634421
Cangrejos, golondrinas;Lezama Lima, José;1946; 97,967162; 4781;0,3620581
Invocación para desorejarse;Lezama Lima, José;NA; 73,260116;  427;0,5550351
Para un final presto;Lezama Lima, José;NA; 88,537655; 1938;0,4293086
Cambiadores;Lillo, Baldomero;NA;101,203456; 1401;0,4532477
Cañuela y Petaca;Lillo, Baldomero;NA;128,848489; 3517;0,3886835
El ahogado;Lillo, Baldomero;NA;122,157945; 3937;0,3952248
El alma de la máquina;Lillo, Baldomero;1907; 92,532323;  892;0,4921525
El Chiflón del Diablo;Lillo, Baldomero;NA;122,937964; 3985;0,4037641
El grisú;Lillo, Baldomero;1904;122,902356; 6445;0,3515904
El hallazgo;Lillo, Baldomero;NA;134,610246; 7916;0,3311016
El perfil;Lillo, Baldomero;NA;126,863070; 2367;0,4355725
El pozo;Lillo, Baldomero;NA;122,154070; 5903;0,3562595
El rapto del sol;Lillo, Baldomero;NA;110,837296; 3244;0,4041307
El registro;Lillo, Baldomero;1917;114,517937; 2147;0,4471355
El remolque;Lillo, Baldomero;NA;137,500614; 3219;0,3957751
El vagabundo;Lillo, Baldomero;NA;132,484199; 4116;0,3969874
En la rueda;Lillo, Baldomero;1907;123,591903; 2075;0,4520482
Inamible;Lillo, Baldomero;1907;112,700359; 2883;0,3884842
Irredención;Lillo, Baldomero;NA;104,447206; 1348;0,4903561
Juan Fariña;Lillo, Baldomero;NA; 98,645934; 3833;0,3931646
La compuerta número 12;Lillo, Baldomero;1904;129,527848; 2555;0,4469667
La cruz de Salomón;Lillo, Baldomero;NA;106,406588; 1372;0,4803207
La mano pegada;Lillo, Baldomero;NA;139,150758; 3720;0,3978495
Las nieves eternas;Lillo, Baldomero;NA;127,890277; 1897;0,4533474
Los inválidos;Lillo, Baldomero;NA;135,631579; 2577;0,4532402
Quilapán;Lillo, Baldomero;NA;132,364142; 3916;0,4057712
Sub sole;Lillo, Baldomero;NA;123,995071; 2693;0,4248051
Víspera de difuntos;Lillo, Baldomero;NA;131,760447; 2207;0,4422293
Reloj sin dueño;López Portillo y Rojas, José;1918;126,476261; 8083;0,3301992
El burro canelo;López y Fuentes, Gregorio;1940; 76,733710;  266;0,6240602
Noble campaña;López y Fuentes, Gregorio;NA; 95,077611;  461;0,5921909
Una carta a Dios;López y Fuentes, Gregorio;1940; 98,808526; 1157;0,4382022
Uno a media calle;López y Fuentes, Gregorio;NA; 90,032232;  638;0,5485893
Abuela Julieta;Lugones, Leopoldo;NA;149,814009; 2207;0,4395106
El descubrimiento de la circunsferencia;Lugones, Leopoldo;1907; 98,601862;  934;0,4871520
El escuerzo;Lugones, Leopoldo;1906;143,175000; 1412;0,4766289
El espíritu nuevo;Lugones, Leopoldo;1924; 50,806452;   76;0,8684211
El hombre muerto;Lugones, Leopoldo;1907;138,872968;  680;0,5941176
Francesca;Lugones, Leopoldo;1292;110,884248; 2784;0,4457615
La dicha de vivir;Lugones, Leopoldo;1924; 69,288100;  139;0,7266187
La estatua de sal;Lugones, Leopoldo;1906;148,206435; 2066;0,4588577
La lluvia de fuego;Lugones, Leopoldo;NA; 11,154472;   15;0,8666667
Los caballos de Abdera;Lugones, Leopoldo;1906; 79,143898; 2300;0,4460870
Un fenómeno inexplicable;Lugones, Leopoldo;1906;155,802580; 2690;0,4565056
Yzur;Lugones, Leopoldo;1906;134,420929; 2905;0,4168675
La suegra del diablo;Lyra, Carmen;NA; 87,645997; 2028;0,3565089
Conversación;Mallea, Eduardo;1936; 82,287101; 2301;0,3750543
En la popa hay un cuerpo reclinado;Marqués, René;NA; 24,832579;   28;0,9642857
En una ciudad llamada San Juan;Marqués, René;NA; 13,761092;   24;0,7916667
Purificación en la calle del Cristo;Marqués, René;1958; 90,873545; 3881;0,3292966
La prehistoria;Martínez Ruiz, José (Azorín);NA;  4,635135;    7;0,8571429
Las sirenas;Martínez Ruiz, José (Azorín);1926;102,383648; 1571;0,4258434
Una elegía;Martínez Ruiz, José (Azorín);1914; 99,491804; 1308;0,4518349
Bernardino;Matute, Ana María;NA;126,287222; 2058;0,3945578
El niño al que se le murió el amigo;Matute, Ana María;1956; 57,360027;  285;0,5052632
El tiovivo;Matute, Ana María;1956; 44,166667;  266;0,5150376
La conciencia;Matute, Ana María;NA;110,643798; 1913;0,3957135
La rama seca;Matute, Ana María;1961; 91,125458; 1931;0,3759710
Los chicos;Matute, Ana María;NA;120,267917; 1393;0,4450826
Los relojes;Matute, Ana María;NA; 80,695049;  373;0,5737265
Mar;Matute, Ana María;NA; 53,765812;  252;0,5555556
Música;Matute, Ana María;1956; 55,483514;  123;0,7154472
Pecado de omisión;Matute, Ana María;NA;113,477219; 1354;0,4571640
Fire and Ice;Menéndez Leal, Álvaro;1969; 38,552533; 2503;0,3036356
Aforismos;Monterroso, Augusto;1978; 13,845846;   24;0,8750000
Caballo imaginando a Dios;Monterroso, Augusto;1969; 37,742922;   70;0,7714286
Cómo acercarse a las fábulas;Monterroso, Augusto;1983; 53,150881;  150;0,7066667
Dejar de ser mono;Monterroso, Augusto;1972; 67,850361;  128;0,7578125
El burro y la flauta;Monterroso, Augusto;NA; 37,782499;   88;0,7045455
El Camaleón que finalmente no sabía de qué color ponerse;Monterroso, Augusto;NA; 83,878959;  446;0,5426009
El centenario;Monterroso, Augusto;1892;114,144008;  753;0,5590969
El Conejo y el León;Monterroso, Augusto;NA; 72,161055;  262;0,5992366
El dinosaurio;Monterroso, Augusto;NA;  8,000000;    8;1,0000000
El eclipse;Monterroso, Augusto;NA; 69,198314;  323;0,6160991
El espejo que no podía dormir;Monterroso, Augusto;NA; 35,123894;   63;0,7777778
El fabulista y sus críticos;Monterroso, Augusto;NA; 37,166898;   77;0,7142857
El grillo maestro;Monterroso, Augusto;NA; 50,062065;  143;0,6363636
El mono que quiso ser escritor satírico;Monterroso, Augusto;1969; 71,497745;  516;0,4941860
El mundo;Monterroso, Augusto;NA; 16,607843;   22;0,9090909
El paraíso imperfecto;Monterroso, Augusto;NA; 29,802817;   46;0,8478261
El perro que deseaba ser un ser humano;Monterroso, Augusto;NA; 40,276863;  127;0,6850394
El Rayo que cayó dos veces en el mismo sitio;Monterroso, Augusto;NA; 19,922756;   35;0,8857143
El salto cualitativo;Monterroso, Augusto;1978; 18,863114;   44;0,7272727
El zorro es más sabio;Monterroso, Augusto;NA; 69,904762;  224;0,6160714
Epitafio encontrado en el cementerio Monte Parnaso de San Blas, S.B.;Monterroso, Augusto;1987; 14,407772;   70;0,4428571
Fecundidad;Monterroso, Augusto;NA; 11,000000;   11;1,0000000
Heraclitana;Monterroso, Augusto;1978; 20,988762;   45;0,7777778
Historia fantástica;Monterroso, Augusto;NA; 14,048611;   17;0,9411765
Homenaje a Masoch;Monterroso, Augusto;1944; 67,398125;  626;0,5015974
Humorismo;Monterroso, Augusto;1972; 29,720217;   74;0,7162162
Imaginación y destino;Monterroso, Augusto;1978; 29,473684;   41;0,9024390
La fe y las montañas;Monterroso, Augusto;1969; 40,325282;  142;0,6690141
La honda de David;Monterroso, Augusto;NA; 78,475039;  257;0,6264591
La jirafa que de pronto comprendió que todo es relativo;Monterroso, Augusto;NA; 70,089198;  357;0,5434174
La mosca que soñaba que era un águila;Monterroso, Augusto;NA; 65,746998;  168;0,6726190
La oveja negra;Monterroso, Augusto;NA; 35,642232;   66;0,8636364
La rana que quería ser una rana auténtica;Monterroso, Augusto;NA; 47,124920;  202;0,6039604
La sirena inconforme;Monterroso, Augusto;1969;102,605596;  229;0,7074236
La tela de Penélope o quién engaña a quién;Monterroso, Augusto;NA; 62,067729;  160;0,6812500
La tortuga y Aquiles;Monterroso, Augusto;NA; 32,991611;   53;0,8301887
La vida en común;Monterroso, Augusto;NA; 44,832063;  100;0,5700000
Las criadas;Monterroso, Augusto;NA; 62,273477;  509;0,5383104
Míster Taylor;Monterroso, Augusto;1944;140,639382; 2150;0,4618605
Nube;Monterroso, Augusto;1978;  7,766667;   36;0,6388889
"""Nulla dies sine linea""";Monterroso, Augusto;NA;  7,000000;    7;1,0000000
Obras completas;Monterroso, Augusto;NA;116,712173; 1714;0,4509918
Pigmalión;Monterroso, Augusto;NA; 87,141806;  339;0,6165192
Sinfonía concluida;Monterroso, Augusto;1929; 73,099823;  718;0,5041783
Te conozco mascarita;Monterroso, Augusto;1972; 23,175676;   36;0,8611111
El hambre;Mujica Láinez, Manuel;1950;104,806440; 2327;0,4245810
El hombrecito del azulejo;Mujica Láinez, Manuel;NA;107,242050; 2994;0,4158317
El ilustre amor (1797);Mujica Láinez, Manuel;1950;135,683444; 1318;0,4984825
La adoración de los Reyes Magos;Mujica Láinez, Manuel;NA;110,698386; 1288;0,5085404
Narciso;Mujica Láinez, Manuel;NA; 88,989461;  822;0,5243309
Un artista;Mujica Láinez, Manuel;NA;142,959812;  950;0,5673684
Capitán del 3º de Lanceros de la Guardia Imperial;Mutis, Álvaro;NA; 62,092856;  165;0,7030303
El último rostro;Mutis, Álvaro;NA; 17,657439;   27;0,8518519
Hay un oficio;Mutis, Álvaro;NA; 47,627010;   92;0,7391304
Intermedio en Niza;Mutis, Álvaro;1982; 84,320996;  538;0,5464684
La muerte del estratega;Mutis, Álvaro;NA;112,622408; 7371;0,3270927
Lámparas de hojalata;Mutis, Álvaro;NA; 74,691870;  137;0,7664234
Mal de ojo;Mutis, Álvaro;NA; 60,898026;  121;0,7272727
Sharaya;Mutis, Álvaro;NA;107,732109; 2924;0,4302326
Si te empeñas;Mutis, Álvaro;NA; 38,600717;   95;0,6526316
Soledad;Mutis, Álvaro;NA; 58,349398;  174;0,6206897
Sueño del fraile;Mutis, Álvaro;NA; 42,651413;  111;0,6576577
Angusola y los cuchillos;Novás Calvo, Lino;1947; 93,504920; 6300;0,2377778
Aquella noche salieron los muertos;Novás Calvo, Lino;1932; 82,638309;10040;0,2261952
Cayo Canas;Novás Calvo, Lino;1946;151,866544;10623;0,2738398
Un buchito de café;Novás Calvo, Lino;NA;163,466031; 3957;0,3586050
Cielo de claraboyas;Ocampo, Silvina;NA; 82,321463;  778;0,4910026
El retrato mal hecho;Ocampo, Silvina;1890; 65,673720;  654;0,5091743
El vendedor de estatuas;Ocampo, Silvina;NA; 84,634615; 1141;0,4390885
El verdugo;Ocampo, Silvina;NA;111,956206;  764;0,5170157
El vestido verde aceituna;Ocampo, Silvina;NA; 83,914577;  950;0,4526316
La cabeza pegada al vidrio;Ocampo, Silvina;NA; 75,039179;  654;0,4740061
La expiación;Ocampo, Silvina;NA;118,409178; 4378;0,3385107
Bienvenido, Bob;Onetti, Juan Carlos;NA;106,129352; 2964;0,3728070
El árbol;Onetti, Juan Carlos;NA; 65,515031;  629;0,4896661
El cerdito;Onetti, Juan Carlos;NA; 73,381445;  508;0,5354331
El gato;Onetti, Juan Carlos;NA;139,223936;  747;0,5595716
El impostor;Onetti, Juan Carlos;NA;108,331818;  343;0,6151603
El infierno tan temido;Onetti, Juan Carlos;NA; 99,259592; 5285;0,3602649
El posible Baldi;Onetti, Juan Carlos;NA;136,899532; 2620;0,4270992
Esbjerg, en la costa;Onetti, Juan Carlos;NA; 86,245967; 3130;0,3303514
Ida y vuelta;Onetti, Juan Carlos;NA; 98,164512;  351;0,6182336
La araucaria;Onetti, Juan Carlos;NA;124,136675;  693;0,5569986
La escopeta;Onetti, Juan Carlos;NA; 60,513092;  324;0,6049383
Las tres de la mañana;Onetti, Juan Carlos;NA; 76,105556;  399;0,5839599
Los besos;Onetti, Juan Carlos;NA; 60,302177;  116;0,7413793
Mañana será otro día;Onetti, Juan Carlos;NA;108,504750;  427;0,5971897
Mascarada;Onetti, Juan Carlos;1943; 88,122247; 1599;0,3896185
Un sueño realizado;Onetti, Juan Carlos;1941; 94,625146; 5931;0,2788737
Dan Auta;Ortega y Gasset, José;NA; 54,488885; 2573;0,2786630
La doble y única mujer;Palacio, Pablo;NA;109,774359; 4694;0,3361738
El sueño de un reo de muerte;Palacio Valdés, Armando;NA;108,154181; 2390;0,4200837
Los puritanos;Palacio Valdés, Armando;NA;127,297549; 5706;0,3207150
Polifemo;Palacio Valdés, Armando;NA;135,771869; 1926;0,4470405
¡A nadar, peces!;Palma, Ricardo;NA;105,631743; 1165;0,5072961
Aceituna, una;Palma, Ricardo;1565; 89,384582;  670;0,5149254
Oficiosidad no agradecida;Palma, Ricardo;NA; 90,807269;  404;0,5544554
Por beber una copa de oro;Palma, Ricardo;1804; 88,734972;  479;0,5699374
Accidente;Pardo Bazán, Emilia;NA;138,694793; 1388;0,5115274
Adriana;Pardo Bazán, Emilia;NA;129,678531; 1583;0,4826279
Agravante;Pardo Bazán, Emilia;NA; 89,130128; 1306;0,4754977
Al buen callar...;Pardo Bazán, Emilia;NA;105,338134; 1412;0,4808782
Apostasía;Pardo Bazán, Emilia;NA;116,179842; 1198;0,5333890
Ardid de guerra;Pardo Bazán, Emilia;NA;110,021628; 1469;0,4976174
Arena;Pardo Bazán, Emilia;NA;169,565088; 1612;0,5117866
Argumento;Pardo Bazán, Emilia;NA;105,443606; 1498;0,4813084
Armamento;Pardo Bazán, Emilia;NA;115,645498; 1413;0,5159236
Aventura;Pardo Bazán, Emilia;NA;129,145026; 1396;0,5265043
Banquete de boda;Pardo Bazán, Emilia;NA;111,229514; 1701;0,4879483
Barbastro;Pardo Bazán, Emilia;NA;130,611968; 1479;0,5158891
Benito de Palermo;Pardo Bazán, Emilia;NA;125,634365; 1800;0,4733333
Bromita;Pardo Bazán, Emilia;NA;114,160194; 1170;0,5136752
Caso;Pardo Bazán, Emilia;NA;127,000286; 1211;0,4921552
Casualidad;Pardo Bazán, Emilia;NA;148,035908; 1832;0,4770742
Ceniza;Pardo Bazán, Emilia;NA; 88,178785; 1180;0,5194915
Clave;Pardo Bazán, Emilia;NA;102,965109; 1002;0,5139721
¿Cobardía?;Pardo Bazán, Emilia;NA;136,433711; 2122;0,4778511
Coleccionista;Pardo Bazán, Emilia;NA;118,366595; 1328;0,5112952
Comedia;Pardo Bazán, Emilia;NA;130,718698; 1122;0,5516934
Cometaria;Pardo Bazán, Emilia;NA;119,089872;  677;0,5819793
Compatibles;Pardo Bazán, Emilia;NA;131,697027; 1399;0,4960686
Confidencia;Pardo Bazán, Emilia;NA;116,450678; 1704;0,4976526
Consuelos;Pardo Bazán, Emilia;NA;141,674339; 1329;0,5109105
Corpus;Pardo Bazán, Emilia;NA;102,567156;  755;0,5443709
Crimen libre;Pardo Bazán, Emilia;NA;125,622457; 2235;0,4720358
Cuatro socialistas;Pardo Bazán, Emilia;NA;125,162552; 1481;0,5057394
Cuento de Navidad;Pardo Bazán, Emilia;NA; 98,755762; 1439;0,5086866
Cuento inmoral;Pardo Bazán, Emilia;NA;112,540356; 1401;0,5289079
Cuento primitivo;Pardo Bazán, Emilia;NA; 97,727820; 1992;0,4648594
Cuentos de amor (43 cuentos);Pardo Bazán, Emilia;NA;123,749567;62270;0,2044002
Cuentos de la patria (10 cuentos);Pardo Bazán, Emilia;NA;128,107902;13391;0,3536704
Cuentos de la tierra (43 cuentos);Pardo Bazán, Emilia;1914;134,217440;60914;0,2124963
Cuentos de Marineda (9 cuentos);Pardo Bazán, Emilia;1825;128,657481;39930;0,2500626
Cuentos de Navidad y Año Nuevo (3 cuentos);Pardo Bazán, Emilia;NA;135,562567;10163;0,3688871
Cuentos de Navidad y Reyes (18 cuentos);Pardo Bazán, Emilia;NA;120,222672;29695;0,2743896
Cuentos del terruño (19 cuentos);Pardo Bazán, Emilia;NA;140,241144;26887;0,2841894
Cuentos dramáticos (37 cuentos);Pardo Bazán, Emilia;1830;127,426284;58561;0,2173802
Cuentos nuevos (36 cuentos);Pardo Bazán, Emilia;1982;121,051486;59528;0,2256417
Cuentos sacroprofanos (36 cuentos);Pardo Bazán, Emilia;NA;118,642094;62003;0,2190862
Cuentos trágicos (27 cuentos);Pardo Bazán, Emilia;NA;134,640465;41619;0,2489007
Cuesta abajo;Pardo Bazán, Emilia;NA;121,930769; 1179;0,5250212
Curado;Pardo Bazán, Emilia;NA;136,477768; 1146;0,5305410
Dalinda;Pardo Bazán, Emilia;NA;139,061389; 1502;0,5146471
De Navidad;Pardo Bazán, Emilia;NA;102,317713; 1783;0,4666293
De polizón;Pardo Bazán, Emilia;NA;132,685878; 1370;0,5379562
De un nido;Pardo Bazán, Emilia;NA;121,514488; 1237;0,5189976
De vieja raza;Pardo Bazán, Emilia;NA; 95,580295; 1365;0,4835165
Desde afuera;Pardo Bazán, Emilia;NA;136,429677; 1586;0,5126103
Desde allí;Pardo Bazán, Emilia;NA;122,379622; 1468;0,4816076
Dioses;Pardo Bazán, Emilia;NA;113,797387; 1295;0,5235521
Doradores;Pardo Bazán, Emilia;NA;122,292557; 1348;0,4962908
Dos cenas;Pardo Bazán, Emilia;NA;120,075520; 2109;0,4632527
«Drago»;Pardo Bazán, Emilia;NA;128,596958; 1704;0,4630282
«Dura Lex»;Pardo Bazán, Emilia;NA;127,466163; 1603;0,4940736
Durante el entreacto;Pardo Bazán, Emilia;NA;164,575139; 1423;0,5172171
El ahogado;Pardo Bazán, Emilia;NA;108,792514; 1293;0,5088940
El aljófar;Pardo Bazán, Emilia;NA;104,450887; 2185;0,4764302
El alma de sirena;Pardo Bazán, Emilia;NA;109,148020; 1133;0,5295675
El antepasado;Pardo Bazán, Emilia;NA;119,952109; 1482;0,5141700
El árbol rosa;Pardo Bazán, Emilia;NA;133,349841; 1545;0,4660194
El aviso;Pardo Bazán, Emilia;NA; 95,348842; 1843;0,4666305
El baile del Querubín;Pardo Bazán, Emilia;NA;127,660015; 3944;0,4447262
El Belén;Pardo Bazán, Emilia;NA;128,142443; 1770;0,4971751
El caballo blanco;Pardo Bazán, Emilia;NA;129,476572; 1094;0,5585009
El camafeo;Pardo Bazán, Emilia;NA;105,331927; 1371;0,5083880
El Catecismo;Pardo Bazán, Emilia;NA;101,886611; 1135;0,4810573
El ciego;Pardo Bazán, Emilia;NA;124,474221; 1223;0,5053148
El Cinco de Copas;Pardo Bazán, Emilia;NA;121,214691; 1530;0,5130719
El comadrón;Pardo Bazán, Emilia;NA;133,064619; 1445;0,5100346
El cuarto...;Pardo Bazán, Emilia;NA;106,033240; 1471;0,5098572
El décimo;Pardo Bazán, Emilia;NA;111,886203;  847;0,5147580
El destino;Pardo Bazán, Emilia;NA;104,532829; 1464;0,4733607
El fondo del alma;Pardo Bazán, Emilia;NA;158,987158; 1317;0,5406226
El gemelo;Pardo Bazán, Emilia;NA;132,800550; 1294;0,5115920
El guardapelo;Pardo Bazán, Emilia;NA;137,534135; 1285;0,5027237
El gusanillo;Pardo Bazán, Emilia;NA;129,484865; 2274;0,4542656
El indulto;Pardo Bazán, Emilia;NA;120,614944; 3041;0,4113778
El mandil de cuero;Pardo Bazán, Emilia;NA;114,291374; 1242;0,5177134
El martirio de sor Bibiana;Pardo Bazán, Emilia;NA;106,606944; 1078;0,5389610
El mechón blanco;Pardo Bazán, Emilia;NA;122,167695; 1993;0,4671350
El milagro de la diosa Durga;Pardo Bazán, Emilia;NA; 90,804985; 1373;0,5032775
El milagro del hermanuco;Pardo Bazán, Emilia;NA;104,154950; 1839;0,4611202
El molino;Pardo Bazán, Emilia;NA; 84,526300; 2175;0,4717241
El montero;Pardo Bazán, Emilia;NA;119,215947; 1229;0,5020342
El niño de San Antonio;Pardo Bazán, Emilia;NA;105,573810; 1529;0,4735121
El oficio de difuntos;Pardo Bazán, Emilia;NA;112,881498; 1557;0,4778420
El pajarraco;Pardo Bazán, Emilia;NA;120,996197; 2423;0,4754437
El palacio de Artasar;Pardo Bazán, Emilia;NA;107,219373; 1316;0,5106383
El palacio frío;Pardo Bazán, Emilia;NA; 97,260272; 1537;0,4860117
El pecado de Yemsid;Pardo Bazán, Emilia;NA; 72,975973; 1215;0,5053498
El peligro del rostro;Pardo Bazán, Emilia;NA;113,379876; 1423;0,4954322
El peregrino;Pardo Bazán, Emilia;NA;108,854899; 2058;0,4572400
El pinar del tío Ambrosio;Pardo Bazán, Emilia;NA;132,599072; 1382;0,4934877
El Pozo de la Vida;Pardo Bazán, Emilia;NA;116,380588; 1316;0,5075988
El quinto;Pardo Bazán, Emilia;NA;161,341057; 1429;0,5234430
El revólver;Pardo Bazán, Emilia;NA;112,594311; 1492;0,4845845
El rizo del Nazareno;Pardo Bazán, Emilia;NA;115,787920; 4192;0,4367844
El rompecabezas;Pardo Bazán, Emilia;NA;103,501386; 1226;0,4967374
El ruido;Pardo Bazán, Emilia;NA;118,320750; 1397;0,5232641
El Santo Grial;Pardo Bazán, Emilia;NA;100,966678; 1457;0,4962251
El señor doctoral;Pardo Bazán, Emilia;NA;116,733272; 3180;0,4257862
El sino;Pardo Bazán, Emilia;NA;129,319745; 1486;0,5148048
El talismán;Pardo Bazán, Emilia;NA;100,918048; 2262;0,4341291
El tapiz;Pardo Bazán, Emilia;NA;113,484187; 1112;0,5062950
El templo;Pardo Bazán, Emilia;NA;110,264110; 1432;0,5055866
El tesoro;Pardo Bazán, Emilia;NA;104,133365; 1325;0,5011321
El tesoro de los Lagidas;Pardo Bazán, Emilia;NA;121,237464; 1355;0,5114391
El tetrarca en la aldea;Pardo Bazán, Emilia;NA;121,237464; 1355;0,5114391
Amor secreto;Payno, Manuel;1843;102,828902; 2279;0,4093901
El ramo azul;Paz, Octavio;NA;141,399956;  820;0,5658537
Maravillas de la voluntad;Paz, Octavio;NA;109,986187;  397;0,6322418
Prisa;Paz, Octavio;1949; 51,331566;  498;0,5220884
¿Dónde está mi cabeza?;Pérez Galdós, Benito;NA;122,697048; 2133;0,4594468
El don Juan;Pérez Galdós, Benito;NA;115,723952; 1654;0,4770254
Rompecabezas;Pérez Galdós, Benito;NA;134,688585; 1570;0,4961783
El hurto;Pi y Margall, Francisco;1913; 83,870422;  597;0,5460637
En el insomnio;Piñera, Virgilio;NA; 60,416427;  153;0,6405229
La carne;Piñera, Virgilio;NA;117,669188; 1052;0,4914449
Natación;Piñera, Virgilio;1957; 59,126657;  186;0,6344086
Ícaro;Pitol, Sergio;1968;121,185711; 2753;0,4271704
La pantera;Pitol, Sergio;1960;146,532750; 1257;0,5409706
Victorio Ferri cuenta un cuento;Pitol, Sergio;NA;  3,000000;    3;1,0000000
La casa de la bruja;Pocaterra, José Rafael;1922;130,204191; 2102;0,4776403
Redención;Pocaterra, José Rafael;1922;141,696906; 1036;0,5415058
A la deriva;Quiroga, Horacio;1917;116,411562; 1076;0,4795539
CUENTOS DE AMOR DE LOCURA Y DE MUERTE - Libro completo;Quiroga, Horacio;1917;116,411562; 1076;0,4795539
CUENTOS DE LA SELVA - Libro completo;Quiroga, Horacio;1917;116,411562; 1076;0,4795539
El alambre de púa;Quiroga, Horacio;1917;102,403953; 3373;0,3465757
El almohadón de plumas;Quiroga, Horacio;1917;101,841169; 1232;0,4788961
El balde;Quiroga, Horacio;NA;109,280398; 1547;0,4369748
El conductor del rápido;Quiroga, Horacio;1917;143,035904; 2992;0,3947193
El desierto;Quiroga, Horacio;1924;126,963418; 5637;0,3313819
EL DESIERTO - Libro completo;Quiroga, Horacio;1924;126,963418; 5637;0,3313819
El espectro;Quiroga, Horacio;1924;109,161363; 3566;0,3395962
El gerente;Quiroga, Horacio;1906;129,296685;  986;0,4888438
El globo de fuego;Quiroga, Horacio;NA;118,110967; 1019;0,4887144
El haschich;Quiroga, Horacio;1904; 87,099615; 1617;0,4285714
El hijo;Quiroga, Horacio;NA; 91,922222; 1704;0,3967136
El hombre muerto;Quiroga, Horacio;1920;113,044812; 1444;0,4030471
El infierno artificial;Quiroga, Horacio;1917;123,534811; 2498;0,4103283
El loro pelado;Quiroga, Horacio;1918; 91,275361; 1840;0,3543478
El paso del Yabebirí;Quiroga, Horacio;1918; 85,574732; 3230;0,2854489
El perro rabioso;Quiroga, Horacio;1917; 90,595972; 2746;0,3736344
El potro salvaje;Quiroga, Horacio;1924;111,839939; 1432;0,3931564
El síncope blanco;Quiroga, Horacio;1924;117,245114; 3344;0,3289474
El solitario;Quiroga, Horacio;1917;125,326186; 1514;0,4425363
El vampiro;Quiroga, Horacio;NA;114,445909;  900;0,4722222
Historia de dos cachorros de coatí y de dos cachorros de hombre;Quiroga, Horacio;1918; 99,919379; 2276;0,3374341
Juan Darién;Quiroga, Horacio;1924;104,173192; 4272;0,3089888
La abeja haragana;Quiroga, Horacio;1918; 93,715822; 1990;0,3758794
La gallina degollada;Quiroga, Horacio;1917;135,543072; 2400;0,4166667
La gama ciega;Quiroga, Horacio;1918; 92,473304; 1862;0,3775510
La guerra de los yacarés;Quiroga, Horacio;1918; 87,721695; 2947;0,2935188
La insolación;Quiroga, Horacio;1917;131,439165; 2358;0,4062765
La mancha hiptálmica;Quiroga, Horacio;NA;121,575219;  768;0,5000000
La meningitis y su sombra;Quiroga, Horacio;1917;126,480976; 7600;0,2589474
La miel silvestre;Quiroga, Horacio;1917;121,799389; 1731;0,4529174
La muerte de Isolda;Quiroga, Horacio;1917;118,514133; 2249;0,3806136
La patria;Quiroga, Horacio;1924; 93,301859; 2813;0,3498045
La princesa bizantina;Quiroga, Horacio;1904;145,347217; 3594;0,3920423
La tortuga gigante;Quiroga, Horacio;1918; 89,139573; 1709;0,3306027
Las medias de los flamencos;Quiroga, Horacio;1918; 65,998747; 1389;0,3570914
Las moscas;Quiroga, Horacio;NA;126,253602; 1046;0,4856597
Las rayas;Quiroga, Horacio;NA;135,947434; 1028;0,5126459
Las voces queridas que se han callado;Quiroga, Horacio;1908;125,695218;  989;0,4812942
Los bebedores de sangre;Quiroga, Horacio;NA;106,976188; 1259;0,4400318
Los buques suicidantes;Quiroga, Horacio;1917;104,226015; 1173;0,4893436
Los guantes de goma;Quiroga, Horacio;NA;146,959342; 1301;0,4719447
Los mensú;Quiroga, Horacio;1917;142,293823; 3414;0,3995313
Los ojos sombríos;Quiroga, Horacio;1917;142,808937; 2221;0,3899145
Los pescadores de vigas;Quiroga, Horacio;1917;119,450094; 1952;0,4554303
Más allá;Quiroga, Horacio;NA;138,814879; 2927;0,3734199
Nuestro primer cigarro;Quiroga, Horacio;1917;136,200021; 2775;0,4187387
Rea Silvia;Quiroga, Horacio;NA;136,195682; 1487;0,4404842
Un idilio;Quiroga, Horacio;NA;137,487630; 5346;0,2989151
Un peón;Quiroga, Horacio;1924;140,553408; 6319;0,3089096
Una conquista;Quiroga, Horacio;1924; 51,008863; 1639;0,4258694
Una estación de amor;Quiroga, Horacio;1917;137,196289; 6335;0,3065509
Una noche de edén;Quiroga, Horacio;1928;121,953668; 1926;0,4018692
Yaguaí;Quiroga, Horacio;1917;116,050522; 3523;0,3780869
Dios en la tierra;Revueltas, José;1944; 87,290957; 2081;0,4166266
Hegel y yo;Revueltas, José;NA; 49,962449;  129;0,6124031
Algo peor;Reyes, Alfonso;1984; 29,470167;   43;0,8837209
Campeona;Reyes, Alfonso;NA;141,431193;  282;0,7234043
Catástrofes;Reyes, Alfonso;1966; 74,972678;  141;0,7517730
De Kelserling;Reyes, Alfonso;1968; 30,952118;   50;0,8400000
Del bestiario mexicano;Reyes, Alfonso;NA; 65,991107;  191;0,6596859
Del hilo, al ovillo;Reyes, Alfonso;1923; 66,009280;  321;0,5763240
Del perfecto gobernante;Reyes, Alfonso;1923; 55,362365;  260;0,5769231
Diógenes;Reyes, Alfonso;1923; 65,373666;  187;0,6524064
Duelo;Reyes, Alfonso;1966; 20,911330;   42;0,8095238
Educación;Reyes, Alfonso;1968; 38,344560;   83;0,7108434
El buen impresor;Reyes, Alfonso;1923; 51,377683;  127;0,6692913
El chivo padre;Reyes, Alfonso;NA; 45,841553;   79;0,7974684
El cocinero;Reyes, Alfonso;1923; 83,500137;  315;0,6095238
El gallo y el coyote;Reyes, Alfonso;NA; 53,956396;  140;0,6928571
El mono y el tejón;Reyes, Alfonso;NA; 35,000000;   50;0,8800000
El veredicto;Reyes, Alfonso;1966; 64,038556;  192;0,6614583
En el frente;Reyes, Alfonso;1923; 75,663827;  223;0,6681614
Error;Reyes, Alfonso;1966; 22,292011;   35;0,8571429
Explorador;Reyes, Alfonso;1991; 23,845794;   28;0,9642857
La asamblea de los animales;Reyes, Alfonso;2001;121,905685; 1131;0,5534925
La cena;Reyes, Alfonso;NA; 11,000000;   11;1,0000000
La elefanta;Reyes, Alfonso;NA; 48,806360;  124;0,6935484
La fiesta nacional;Reyes, Alfonso;NA; 70,756217;  209;0,6363636
La melancolía del viajero;Reyes, Alfonso;1923; 92,587718;  399;0,6140351
La norma;Reyes, Alfonso;NA; 13,000000;   13;1,0000000
Las dos golondrinas;Reyes, Alfonso;1917; 58,668134;  143;0,6643357
Ley profunda;Reyes, Alfonso;1968; 42,924972;   75;0,8000000
Los alivios;Reyes, Alfonso;1966; 29,230624;   48;0,8333333
Presumida;Reyes, Alfonso;1966; 21,662094;   40;0,8500000
Rancho de prisioneros;Reyes, Alfonso;1923; 56,280197;  108;0,7500000
Ratones;Reyes, Alfonso;NA; 25,425891;   44;0,7954545
Romance viejo;Reyes, Alfonso;1923; 53,984566;  178;0,6348315
Sabor a mí;Reyes, Alfonso;1984; 33,939394;   41;0,9512195
Suicidio;Reyes, Alfonso;1996; 69,599158;  187;0,6684492
Toño Salazar;Reyes, Alfonso;1991; 41,176471;   51;0,9411765
Venganza literaria;Reyes, Alfonso;NA; 68,047165;  466;0,5987124
83;Ribeyro, Julio Ramón;1992; 28,560680;   42;0,8809524
El banquete;Ribeyro, Julio Ramón;1958;120,727501; 1520;0,4789474
El profesor suplente;Ribeyro, Julio Ramón;1964;120,699883; 1701;0,4679600
En el fondo;Ribeyro, Julio Ramón;1989; 15,909091;   26;0,8461538
Estructura;Ribeyro, Julio Ramón;1989; 17,500000;   31;0,8064516
La insignia;Ribeyro, Julio Ramón;1958;133,815590; 1444;0,4993075
La molicie;Ribeyro, Julio Ramón;1958;119,672285; 1723;0,4857806
La primera nevada;Ribeyro, Julio Ramón;1972;143,066667; 2073;0,4438013
La relatividad de nuestras concepciones estéticas;Ribeyro, Julio Ramón;1989; 37,081081;   57;0,8596491
Las cosas andan mal, Carmelo Rosa;Ribeyro, Julio Ramón;1975; 94,467627; 1014;0,4733728
Letrado de ayer;Ribeyro, Julio Ramón;1989; 29,621283;   53;0,7924528
Los gallinazos sin plumas;Ribeyro, Julio Ramón;1955;136,026468; 3409;0,3713699
Los merengues;Ribeyro, Julio Ramón;1958;118,176177; 1015;0,4926108
Luder pasa rápidamente;Ribeyro, Julio Ramón;1989; 28,560680;   42;0,8809524
Naturalidad;Ribeyro, Julio Ramón;1989; 22,080645;   38;0,8157895
Nube de polillas;Ribeyro, Julio Ramón;1989; 18,540541;   29;0,8620690
Perfección;Ribeyro, Julio Ramón;1989; 27,524272;   46;0,8260870
Plagio;Ribeyro, Julio Ramón;1989; 34,735395;   39;0,9743590
Por el corredor;Ribeyro, Julio Ramón;1989; 29,589789;   50;0,8200000
Por las azoteas;Ribeyro, Julio Ramón;1964;149,898085; 2836;0,4136107
Que lo cante;Ribeyro, Julio Ramón;1989; 23,030211;   34;0,8823529
Solo lloran los valientes;Ribeyro, Julio Ramón;1989; 22,920635;   39;0,8205128
Un ligero retraso;Ribeyro, Julio Ramón;1989; 33,560284;   53;0,8490566
Un miserable;Ribeyro, Julio Ramón;1989; 15,044776;   25;0,8400000
Universidades;Ribeyro, Julio Ramón;1989; 25,469697;   42;0,8333333
Vueltas y vueltas;Ribeyro, Julio Ramón;1989; 24,955729;   38;0,8684211
Bailé;Rivera, Andrés;NA;132,215236; 1841;0,4421510
El corrector;Rivera, Andrés;NA; 51,831433;  485;0,5134021
En la mecedora;Rivera, Andrés;NA; 63,067916;  473;0,4883721
Lento;Rivera, Andrés;NA; 64,619822; 1070;0,4299065
Obligaciones;Rivera, Andrés;1952;134,082265; 1447;0,4968901
Tres tazas de té;Rivera, Andrés;1890; 88,767439; 1748;0,4788330
Un asesino de Cristo;Rivera, Andrés;NA; 62,894709; 1234;0,4473258
El prisionero;Roa Bastos, Augusto;1953;126,717684; 2971;0,4113093
Juegos nocturnos;Roa Bastos, Augusto;1969;119,556235; 3015;0,4112769
La excavación;Roa Bastos, Augusto;NA;105,671673; 2123;0,4258125
El retrato;Rodríguez Castelao, Alfonso;NA;112,921123;  675;0,5229630
En la noche de la última novena de difuntos;Rodríguez Castelao, Alfonso;1926; 59,497994;  298;0,5604027
Canto y baile;Rojas, Manuel;NA;108,530490; 4342;0,3530631
El colocolo;Rojas, Manuel;NA;113,815122; 4112;0,3329280
El vaso de leche;Rojas, Manuel;1929;115,018203; 2535;0,3988166
El cofre;Romero de Terreros, Manuel;1922; 93,110121;  701;0,4893010
El sombrero del rey de Tibotú;Romero de Terreros, Manuel;1922; 91,705057;  609;0,5320197
Fray Baltasar;Romero de Terreros, Manuel;1922;100,125783;  785;0,5057325
La puerta de bronce;Romero de Terreros, Manuel;1922;121,887050; 1761;0,4730267
Tristis imago;Romero de Terreros, Manuel;1922; 97,766116;  570;0,5350877
Acuérdate;Rulfo, Juan;NA; 84,494517; 1114;0,4389587
Anacleto Morones;Rulfo, Juan;1953;140,025963; 4405;0,3284904
¡Diles que no me maten!;Rulfo, Juan;NA; 99,859980; 2391;0,3642827
Es que somos muy pobres;Rulfo, Juan;NA; 96,321525; 1626;0,3782288
La noche que lo dejaron solo;Rulfo, Juan;NA;136,865100; 1208;0,4784768
Luvina;Rulfo, Juan;NA;120,303846; 3027;0,3515031
Macario;Rulfo, Juan;NA; 77,806713; 2072;0,3190154
No oyes ladrar a los perros;Rulfo, Juan;NA;125,552628; 1308;0,4327217
Nos han dado la tierra;Rulfo, Juan;NA; 91,428340; 1579;0,3907536
Talpa;Rulfo, Juan;1950; 95,769989; 3409;0,2921678
Aniversario;Ruyra, Joaquim;NA;133,581043; 1232;0,5178571
Finilla;Ruyra, Joaquim;NA;105,472500; 2583;0,4173442
La mirada del pobre;Ruyra, Joaquim;NA;100,731343;  614;0,5618893
La pavura;Ruyra, Joaquim;NA;124,540586; 1520;0,5164474
Las damiselas del mar;Ruyra, Joaquim;NA; 97,379009;  718;0,5598886
Noche de ánimas;Ruyra, Joaquim;NA;120,896040; 1983;0,4609178
Una tarde en el mar;Ruyra, Joaquim;NA;142,809634; 3521;0,4413519
Visión agorera;Ruyra, Joaquim;NA;148,068283; 1203;0,5419784
El cuento de olis olis catrín y el cañonazo;Salarrué;1961; 61,852214;  569;0,4850615
El cuento del cuento que contaron;Salarrué;1961; 34,111111;  307;0,5114007
El río;Salarrué;NA; 32,000000;   32;1,0000000
La botija;Salarrué;1933; 86,513834; 1009;0,4707631
La flor del amor;Salarrué;NA; 25,797422;   69;0,7536232
La justicia;Salarrué;NA; 19,800000;   99;0,6868687
Las campanas;Salarrué;NA; 20,061523;   52;0,7692308
Los dioses;Salarrué;NA; 16,359907;   46;0,6956522
Semos malos;Salarrué;1933;115,889736;  809;0,5562423
El guaje;Sender, Ramón J.;1936; 96,137113;  508;0,5590551
La lección;Sender, Ramón J.;1938;124,706512; 2030;0,4039409
A la orilla de las estatuas maduras;Sinán, Rogelio;1946;146,328475; 4106;0,3251340
La boina roja;Sinán, Rogelio;1954;164,150049; 8121;0,3279153
Campeones;Soto, Pedro Juan;NA;119,290595; 1819;0,4370533
Los inocentes;Soto, Pedro Juan;1954; 84,924681; 1513;0,4117647
La Palma del Cacique;Tapia y Rivera, Alejandro;1852;112,167054;11474;0,2963221
A Circe;Torri, Julio;1917; 40,409488;   69;0,8115942
De funerales;Torri, Julio;NA; 68,461590;  121;0,7851240
De fusilamientos;Torri, Julio;1915;130,651517;  471;0,6411890
De la vida maravillosa de Salva-Obstáculos;Torri, Julio;NA; 18,927374;   22;0,9545455
El descubridor;Torri, Julio;NA; 58,337467;   97;0,8144330
El fin de México;Torri, Julio;NA;  4,000000;    4;1,0000000
El héroe;Torri, Julio;1940;136,947211;  377;0,6763926
El mal actor de sus emociones;Torri, Julio;NA; 67,456733;  169;0,6863905
El vagabundo;Torri, Julio;NA;103,435329;  301;0,6611296
Era un país pobre;Torri, Julio;NA; 14,048611;   17;0,9411765
Estampa;Torri, Julio;NA; 89,339468;  158;0,7848101
Fantasías mexicanas;Torri, Julio;NA; 65,666667;  197;0,6345178
La amada desconocida;Torri, Julio;NA;108,348285;  348;0,6465517
La balada de las hojas más altas;Torri, Julio;NA; 49,741849;  166;0,6445783
La cocinera;Torri, Julio;NA; 19,165775;   32;0,8125000
La conquista de la luna;Torri, Julio;NA; 10,000000;   10;1,0000000
La feria;Torri, Julio;NA; 84,824061;  285;0,6456140
La gloriosa;Torri, Julio;NA;108,057562;  296;0,6824324
La humildad premiada;Torri, Julio;NA; 58,615917;  110;0,7545455
Le poète maudit;Torri, Julio;NA; 69,517655;  272;0,6507353
Literatura;Torri, Julio;NA; 61,395749;  159;0,6729560
Los unicornios;Torri, Julio;NA; 98,133019;  292;0,6472603
Mujeres;Torri, Julio;NA; 92,118362;  171;0,7602339
Vieja estampa;Torri, Julio;NA; 39,392301;  141;0,6666667
El oro inglés;Trigo, Felipe;1920;106,540739;  808;0,5284653
El recuerdo;Trigo, Felipe;1920;120,047808; 1837;0,4540011
El suceso del día;Trigo, Felipe;1920;110,740978; 1143;0,5004374
Genio y figura;Trigo, Felipe;1920; 93,514765; 1300;0,4723077
Jugar con el fuego;Trigo, Felipe;1920;133,513757; 1505;0,4797342
La niña mimosa;Trigo, Felipe;1920;110,266633; 1270;0,4952756
La primera conquista;Trigo, Felipe;1920;112,507085;  914;0,5218818
La receta;Trigo, Felipe;1920;171,864390; 1301;0,5342045
La toga;Trigo, Felipe;1920;104,756131;  939;0,5165069
Luzbel;Trigo, Felipe;1920;112,344769; 1198;0,4991653
Mi prima me odia;Trigo, Felipe;1920; 96,939905; 1285;0,4428016
Mujeres prácticas;Trigo, Felipe;1920;144,350293; 1152;0,5060764
Paga anticipada;Trigo, Felipe;1920;113,294716; 1095;0,4831050
Paraíso perdido;Trigo, Felipe;1920;125,994350;  950;0,5400000
Por ahí;Trigo, Felipe;1920;148,710133;  737;0,5820896
Pruebas de amor;Trigo, Felipe;1920; 82,245042; 1198;0,4808013
Tempestad;Trigo, Felipe;1920;127,655190; 1450;0,4744828
Tu llanto y mi risa;Trigo, Felipe;1920; 96,236813;  977;0,5025589
Villaporrilla;Trigo, Felipe;1920;106,704502;  835;0,5508982
Cruce de caminos;Unamuno, Miguel de;NA; 95,387288; 1325;0,4075472
El contertulio;Unamuno, Miguel de;NA; 61,673474; 1714;0,3646441
El misterio inicial de mi vida;Unamuno, Miguel de;NA; 84,610561;  746;0,4571046
En manos de la cocinera;Unamuno, Miguel de;1912; 94,993063; 1372;0,3877551
Historia de V. Goti;Unamuno, Miguel de;1914; 80,425185;  923;0,4463705
La venda;Unamuno, Miguel de;NA; 96,662378; 1465;0,4013652
San Manuel Bueno, mártir - Novela corta;Unamuno, Miguel de;NA; 15,670051;   22;0,9090909
Ver con los ojos;Unamuno, Miguel de;1886;112,508096; 2459;0,4026027
Y va de cuento;Unamuno, Miguel de;1905; 78,259883; 1726;0,3650058
Barrabás;Úslar Pietri, Arturo;1928;112,743948; 1897;0,3795467
El gallo;Úslar Pietri, Arturo;NA; 91,747789; 3147;0,3320623
La lluvia;Úslar Pietri, Arturo;1935;137,141408; 2835;0,4253968
Estuvo en la guerra;Valadés, Edmundo;NA; 64,266599;  314;0,6242038
Final;Valadés, Edmundo;NA; 57,507963;   99;0,7979798
La búsqueda;Valadés, Edmundo;NA; 13,000000;   13;1,0000000
La incrédula;Valadés, Edmundo;NA; 57,833439;  114;0,7280702
La marioneta;Valadés, Edmundo;NA; 63,082949;  117;0,7606838
La muerte tiene permiso;Valadés, Edmundo;1955;115,542797; 1769;0,4381006
Memoria;Valadés, Edmundo;NA; 34,156627;   45;0,9111111
Pobreza;Valadés, Edmundo;NA; 20,396552;   26;0,9230769
¿Por qué?;Valadés, Edmundo;NA; 33,250888;  105;0,5523810
Sueño;Valadés, Edmundo;NA; 20,000000;   20;1,0000000
El caballero de Azor;Valera, Juan;NA;106,301511; 3157;0,4063985
El cocinero del arzobispo;Valera, Juan;1896; 81,865983;  530;0,5452830
El doble sacrificio;Valera, Juan;1842;102,456352; 2646;0,3756614
El pescadorcito Urashima;Valera, Juan;1887;107,688329; 1119;0,4289544
El miedo;Valle Inclán, Ramón del;NA;109,518618; 1252;0,4448882
¡Malpocado!;Valle Inclán, Ramón del;NA;  8,000000;    8;1,0000000
Santa Baya de Cristamilde;Valle Inclán, Ramón del;1904; 96,076686;  802;0,5211970
Los amores de Bentos Sagrera;Viana, Javier de;1896;113,763166; 5685;0,3285840
Cuentos para tahúres;Walsh, Rodolfo;NA; 59,854263; 1864;0,3471030
Esa mujer;Walsh, Rodolfo;NA;134,420327; 2432;0,4157072
Ese hombre;Walsh, Rodolfo;NA;116,645579; 1352;0,4844675
Fotos;Walsh, Rodolfo;1938;117,693259; 1465;0,4935154
Los nutrieros;Walsh, Rodolfo;NA; 67,125003; 1687;0,4072318
Portugueses;Walsh, Rodolfo;NA; 45,995444;  750;0,3346667
Agrimensor Bene Nio;Wilcock, Juan Rodolfo;NA; 80,185178;  425;0,5600000
Capitán Luiso Ferrauto;Wilcock, Juan Rodolfo;NA; 69,489593;  275;0,6290909
El ángel;Wilcock, Juan Rodolfo;NA;102,329640;  424;0,5778302
Giocoso Spelli;Wilcock, Juan Rodolfo;NA; 98,783688;  313;0,6389776
Graziella Link;Wilcock, Juan Rodolfo;NA;111,847461;  407;0,6117936
Ilio Collio;Wilcock, Juan Rodolfo;NA; 99,868023;  362;0,6104972
La Atlántida;Wilcock, Juan Rodolfo;NA; 92,750423;  346;0,6242775
Las muñecas;Wilcock, Juan Rodolfo;NA;101,151575;  430;0,5558140
Los amantes;Wilcock, Juan Rodolfo;NA; 80,932583;  231;0,6363636
Los donguis;Wilcock, Juan Rodolfo;NA;124,789497; 3196;0,4233417
Aventurarse perdiendo;Zayas, María de;NA;100,481908;14674;0,2162328
El castigo de la miseria;Zayas, María de;NA; 90,202408;11434;0,2278293
El jardín engañoso;Zayas, María de;1647; 91,190839; 7044;0,2463089
Estragos que causa el vicio;Zayas, María de;NA; 87,979597;16091;0,2092474
La esclava de su amante;Zayas, María de;NA; 97,095942;18027;0,1969268
La inocencia castigada;Zayas, María de;NA; 84,648420;10508;0,2283974
La mujer negra o una antigua capilla de templario;Zorrilla, José;NA;116,591442; 3220;0,4034161
¿Y aquel entierro que pasa?;Zorrilla, José;1844; 24,855072;   36;0,8888889
